world: Set the target tick rate to 100.0 per second
rcon setblock 5 -61 5 minecraft:water -> Changed the block at 5, -61, 5
rcon setblock 4 -61 4 minecraft:farmland[moisture=7] -> Changed the block at 4, -61, 4
rcon setblock 4 -61 5 minecraft:farmland[moisture=7] -> Could not set the block
rcon setblock 4 -61 6 minecraft:farmland[moisture=7] -> Changed the block at 4, -61, 6
rcon setblock 5 -61 4 minecraft:farmland[moisture=7] -> Changed the block at 5, -61, 4
rcon setblock 5 -61 6 minecraft:farmland[moisture=7] -> Could not set the block
rcon setblock 6 -61 4 minecraft:farmland[moisture=7] -> Changed the block at 6, -61, 4
rcon setblock 6 -61 5 minecraft:farmland[moisture=7] -> Changed the block at 6, -61, 5
rcon setblock 6 -61 6 minecraft:farmland[moisture=7] -> Changed the block at 6, -61, 6
rcon setblock 4 -60 5 minecraft:melon_stem[age=7] -> Could not set the block
rcon setblock 6 -60 5 minecraft:melon_stem[age=7] -> Changed the block at 6, -60, 5
rcon setblock 5 -60 4 minecraft:melon_stem[age=7] -> Changed the block at 5, -60, 4
rcon setblock 5 -60 6 minecraft:melon_stem[age=7] -> Could not set the block
rcon setblock 3 -60 5 minecraft:melon -> Could not set the block
rcon setblock 7 -60 5 minecraft:melon -> Could not set the block
rcon setblock 5 -60 3 minecraft:melon -> Changed the block at 5, -60, 3
rcon setblock 5 -60 7 minecraft:melon -> Could not set the block
rcon setblock 3 -60 3 minecraft:melon -> Could not set the block
rcon setblock 3 -60 7 minecraft:melon -> Could not set the block
rcon setblock 7 -60 3 minecraft:melon -> Could not set the block
rcon setblock 7 -60 7 minecraft:melon -> Could not set the block
rcon setblock 28 -61 0 minecraft:water -> Changed the block at 28, -61, 0
rcon setblock 27 -61 -1 minecraft:farmland[moisture=7] -> Changed the block at 27, -61, -1
rcon setblock 27 -61 0 minecraft:farmland[moisture=7] -> Could not set the block
rcon setblock 27 -61 1 minecraft:farmland[moisture=7] -> Changed the block at 27, -61, 1
rcon setblock 28 -61 -1 minecraft:farmland[moisture=7] -> Could not set the block
rcon setblock 28 -61 1 minecraft:farmland[moisture=7] -> Could not set the block
rcon setblock 29 -61 -1 minecraft:farmland[moisture=7] -> Changed the block at 29, -61, -1
rcon setblock 29 -61 0 minecraft:farmland[moisture=7] -> Could not set the block
rcon setblock 29 -61 1 minecraft:farmland[moisture=7] -> Changed the block at 29, -61, 1
rcon setblock 27 -60 0 minecraft:melon_stem[age=7] -> Could not set the block
rcon setblock 29 -60 0 minecraft:melon_stem[age=7] -> Could not set the block
rcon setblock 28 -60 -1 minecraft:melon_stem[age=7] -> Could not set the block
rcon setblock 28 -60 1 minecraft:melon_stem[age=7] -> Could not set the block
rcon setblock 26 -60 0 minecraft:melon -> Could not set the block
rcon setblock 30 -60 0 minecraft:melon -> Could not set the block
rcon setblock 28 -60 -2 minecraft:melon -> Could not set the block
rcon setblock 28 -60 2 minecraft:melon -> Could not set the block
rcon setblock 26 -60 -2 minecraft:melon -> Could not set the block
rcon setblock 26 -60 2 minecraft:melon -> Could not set the block
rcon setblock 30 -60 -2 minecraft:melon -> Could not set the block
rcon setblock 30 -60 2 minecraft:melon -> Could not set the block
rcon setblock 0 -61 28 minecraft:water -> Changed the block at 0, -61, 28
rcon setblock -1 -61 27 minecraft:farmland[moisture=7] -> Changed the block at -1, -61, 27
rcon setblock -1 -61 28 minecraft:farmland[moisture=7] -> Could not set the block
rcon setblock -1 -61 29 minecraft:farmland[moisture=7] -> Changed the block at -1, -61, 29
rcon setblock 0 -61 27 minecraft:farmland[moisture=7] -> Could not set the block
rcon setblock 0 -61 29 minecraft:farmland[moisture=7] -> Changed the block at 0, -61, 29
rcon setblock 1 -61 27 minecraft:farmland[moisture=7] -> Changed the block at 1, -61, 27
rcon setblock 1 -61 28 minecraft:farmland[moisture=7] -> Could not set the block
rcon setblock 1 -61 29 minecraft:farmland[moisture=7] -> Changed the block at 1, -61, 29
rcon setblock -1 -60 28 minecraft:melon_stem[age=7] -> Could not set the block
rcon setblock 1 -60 28 minecraft:melon_stem[age=7] -> Could not set the block
rcon setblock 0 -60 27 minecraft:melon_stem[age=7] -> Could not set the block
rcon setblock 0 -60 29 minecraft:melon_stem[age=7] -> Could not set the block
rcon setblock -2 -60 28 minecraft:melon -> Could not set the block
rcon setblock 2 -60 28 minecraft:melon -> Could not set the block
rcon setblock 0 -60 26 minecraft:melon -> Could not set the block
rcon setblock 0 -60 30 minecraft:melon -> Could not set the block
rcon setblock -2 -60 26 minecraft:melon -> Could not set the block
rcon setblock -2 -60 30 minecraft:melon -> Could not set the block
rcon setblock 2 -60 26 minecraft:melon -> Could not set the block
rcon setblock 2 -60 30 minecraft:melon -> Could not set the block
rcon setblock 5 -61 5 minecraft:water -> Could not set the block
rcon setblock 4 -61 4 minecraft:farmland[moisture=7] -> Changed the block at 4, -61, 4
rcon setblock 4 -61 5 minecraft:farmland[moisture=7] -> Could not set the block
rcon setblock 4 -61 6 minecraft:farmland[moisture=7] -> Changed the block at 4, -61, 6
rcon setblock 5 -61 4 minecraft:farmland[moisture=7] -> Could not set the block
rcon setblock 5 -61 6 minecraft:farmland[moisture=7] -> Could not set the block
rcon setblock 6 -61 4 minecraft:farmland[moisture=7] -> Could not set the block
rcon setblock 6 -61 5 minecraft:farmland[moisture=7] -> Could not set the block
rcon setblock 6 -61 6 minecraft:farmland[moisture=7] -> Changed the block at 6, -61, 6
rcon setblock 4 -60 5 minecraft:melon_stem[age=7] -> Could not set the block
rcon setblock 6 -60 5 minecraft:melon_stem[age=7] -> Could not set the block
rcon setblock 5 -60 4 minecraft:melon_stem[age=7] -> Could not set the block
rcon setblock 5 -60 6 minecraft:melon_stem[age=7] -> Could not set the block
rcon setblock 3 -60 5 minecraft:melon -> Could not set the block
rcon setblock 7 -60 5 minecraft:melon -> Could not set the block
rcon setblock 5 -60 3 minecraft:melon -> Could not set the block
rcon setblock 5 -60 7 minecraft:melon -> Could not set the block
rcon setblock 3 -60 3 minecraft:melon -> Could not set the block
rcon setblock 3 -60 7 minecraft:melon -> Could not set the block
rcon setblock 7 -60 3 minecraft:melon -> Could not set the block
rcon setblock 7 -60 7 minecraft:melon -> Could not set the block
rcon setblock 28 -61 0 minecraft:water -> Could not set the block
rcon setblock 27 -61 -1 minecraft:farmland[moisture=7] -> Changed the block at 27, -61, -1
rcon setblock 27 -61 0 minecraft:farmland[moisture=7] -> Could not set the block
rcon setblock 27 -61 1 minecraft:farmland[moisture=7] -> Changed the block at 27, -61, 1
rcon setblock 28 -61 -1 minecraft:farmland[moisture=7] -> Could not set the block
rcon setblock 28 -61 1 minecraft:farmland[moisture=7] -> Could not set the block
rcon setblock 29 -61 -1 minecraft:farmland[moisture=7] -> Changed the block at 29, -61, -1
rcon setblock 29 -61 0 minecraft:farmland[moisture=7] -> Could not set the block
rcon setblock 29 -61 1 minecraft:farmland[moisture=7] -> Changed the block at 29, -61, 1
rcon setblock 27 -60 0 minecraft:melon_stem[age=7] -> Could not set the block
rcon setblock 29 -60 0 minecraft:melon_stem[age=7] -> Could not set the block
rcon setblock 28 -60 -1 minecraft:melon_stem[age=7] -> Could not set the block
rcon setblock 28 -60 1 minecraft:melon_stem[age=7] -> Could not set the block
rcon setblock 26 -60 0 minecraft:melon -> Could not set the block
rcon setblock 30 -60 0 minecraft:melon -> Could not set the block
rcon setblock 28 -60 -2 minecraft:melon -> Could not set the block
rcon setblock 28 -60 2 minecraft:melon -> Could not set the block
rcon setblock 26 -60 -2 minecraft:melon -> Could not set the block
rcon setblock 26 -60 2 minecraft:melon -> Could not set the block
rcon setblock 30 -60 -2 minecraft:melon -> Could not set the block
rcon setblock 30 -60 2 minecraft:melon -> Could not set the block
rcon setblock 0 -61 28 minecraft:water -> Could not set the block
rcon setblock -1 -61 27 minecraft:farmland[moisture=7] -> Changed the block at -1, -61, 27
rcon setblock -1 -61 28 minecraft:farmland[moisture=7] -> Could not set the block
rcon setblock -1 -61 29 minecraft:farmland[moisture=7] -> Changed the block at -1, -61, 29
rcon setblock 0 -61 27 minecraft:farmland[moisture=7] -> Could not set the block
rcon setblock 0 -61 29 minecraft:farmland[moisture=7] -> Could not set the block
rcon setblock 1 -61 27 minecraft:farmland[moisture=7] -> Changed the block at 1, -61, 27
rcon setblock 1 -61 28 minecraft:farmland[moisture=7] -> Could not set the block
rcon setblock 1 -61 29 minecraft:farmland[moisture=7] -> Changed the block at 1, -61, 29
rcon setblock -1 -60 28 minecraft:melon_stem[age=7] -> Could not set the block
rcon setblock 1 -60 28 minecraft:melon_stem[age=7] -> Could not set the block
rcon setblock 0 -60 27 minecraft:melon_stem[age=7] -> Could not set the block
rcon setblock 0 -60 29 minecraft:melon_stem[age=7] -> Could not set the block
rcon setblock -2 -60 28 minecraft:melon -> Could not set the block
rcon setblock 2 -60 28 minecraft:melon -> Could not set the block
rcon setblock 0 -60 26 minecraft:melon -> Could not set the block
rcon setblock 0 -60 30 minecraft:melon -> Could not set the block
rcon setblock -2 -60 26 minecraft:melon -> Could not set the block
rcon setblock -2 -60 30 minecraft:melon -> Could not set the block
rcon setblock 2 -60 26 minecraft:melon -> Could not set the block
rcon setblock 2 -60 30 minecraft:melon -> Could not set the block
LIFE {"arm": "a2", "life": 1, "chains": 0, "distant_collects": 1, "eats": 3, "first_eat": 4312, "satiated": false, "expressed": false, "drops_leg": false, "completions": 198, "false_completions": 133, "food_min": 6, "food_max": 12, "columns": 70, "reach": 9.3}
rcon setblock 5 -61 5 minecraft:water -> Changed the block at 5, -61, 5
rcon setblock 4 -61 4 minecraft:farmland[moisture=7] -> Changed the block at 4, -61, 4
rcon setblock 4 -61 5 minecraft:farmland[moisture=7] -> Changed the block at 4, -61, 5
rcon setblock 4 -61 6 minecraft:farmland[moisture=7] -> Changed the block at 4, -61, 6
rcon setblock 5 -61 4 minecraft:farmland[moisture=7] -> Changed the block at 5, -61, 4
rcon setblock 5 -61 6 minecraft:farmland[moisture=7] -> Changed the block at 5, -61, 6
rcon setblock 6 -61 4 minecraft:farmland[moisture=7] -> Changed the block at 6, -61, 4
rcon setblock 6 -61 5 minecraft:farmland[moisture=7] -> Changed the block at 6, -61, 5
rcon setblock 6 -61 6 minecraft:farmland[moisture=7] -> Changed the block at 6, -61, 6
rcon setblock 4 -60 5 minecraft:melon_stem[age=7] -> Could not set the block
rcon setblock 6 -60 5 minecraft:melon_stem[age=7] -> Changed the block at 6, -60, 5
rcon setblock 5 -60 4 minecraft:melon_stem[age=7] -> Changed the block at 5, -60, 4
rcon setblock 5 -60 6 minecraft:melon_stem[age=7] -> Changed the block at 5, -60, 6
rcon setblock 3 -60 5 minecraft:melon -> Could not set the block
rcon setblock 7 -60 5 minecraft:melon -> Changed the block at 7, -60, 5
rcon setblock 5 -60 3 minecraft:melon -> Changed the block at 5, -60, 3
rcon setblock 5 -60 7 minecraft:melon -> Could not set the block
rcon setblock 3 -60 3 minecraft:melon -> Could not set the block
rcon setblock 3 -60 7 minecraft:melon -> Could not set the block
rcon setblock 7 -60 3 minecraft:melon -> Could not set the block
rcon setblock 7 -60 7 minecraft:melon -> Could not set the block
rcon setblock 28 -61 0 minecraft:water -> Changed the block at 28, -61, 0
rcon setblock 27 -61 -1 minecraft:farmland[moisture=7] -> Changed the block at 27, -61, -1
rcon setblock 27 -61 0 minecraft:farmland[moisture=7] -> Could not set the block
rcon setblock 27 -61 1 minecraft:farmland[moisture=7] -> Changed the block at 27, -61, 1
rcon setblock 28 -61 -1 minecraft:farmland[moisture=7] -> Could not set the block
rcon setblock 28 -61 1 minecraft:farmland[moisture=7] -> Could not set the block
rcon setblock 29 -61 -1 minecraft:farmland[moisture=7] -> Changed the block at 29, -61, -1
rcon setblock 29 -61 0 minecraft:farmland[moisture=7] -> Could not set the block
rcon setblock 29 -61 1 minecraft:farmland[moisture=7] -> Changed the block at 29, -61, 1
rcon setblock 27 -60 0 minecraft:melon_stem[age=7] -> Could not set the block
rcon setblock 29 -60 0 minecraft:melon_stem[age=7] -> Could not set the block
rcon setblock 28 -60 -1 minecraft:melon_stem[age=7] -> Could not set the block
rcon setblock 28 -60 1 minecraft:melon_stem[age=7] -> Could not set the block
rcon setblock 26 -60 0 minecraft:melon -> Could not set the block
rcon setblock 30 -60 0 minecraft:melon -> Could not set the block
rcon setblock 28 -60 -2 minecraft:melon -> Could not set the block
rcon setblock 28 -60 2 minecraft:melon -> Could not set the block
rcon setblock 26 -60 -2 minecraft:melon -> Could not set the block
rcon setblock 26 -60 2 minecraft:melon -> Could not set the block
rcon setblock 30 -60 -2 minecraft:melon -> Could not set the block
rcon setblock 30 -60 2 minecraft:melon -> Could not set the block
rcon setblock 0 -61 28 minecraft:water -> Changed the block at 0, -61, 28
rcon setblock -1 -61 27 minecraft:farmland[moisture=7] -> Changed the block at -1, -61, 27
rcon setblock -1 -61 28 minecraft:farmland[moisture=7] -> Could not set the block
rcon setblock -1 -61 29 minecraft:farmland[moisture=7] -> Changed the block at -1, -61, 29
rcon setblock 0 -61 27 minecraft:farmland[moisture=7] -> Could not set the block
rcon setblock 0 -61 29 minecraft:farmland[moisture=7] -> Could not set the block
rcon setblock 1 -61 27 minecraft:farmland[moisture=7] -> Changed the block at 1, -61, 27
rcon setblock 1 -61 28 minecraft:farmland[moisture=7] -> Could not set the block
rcon setblock 1 -61 29 minecraft:farmland[moisture=7] -> Changed the block at 1, -61, 29
rcon setblock -1 -60 28 minecraft:melon_stem[age=7] -> Could not set the block
rcon setblock 1 -60 28 minecraft:melon_stem[age=7] -> Could not set the block
rcon setblock 0 -60 27 minecraft:melon_stem[age=7] -> Could not set the block
rcon setblock 0 -60 29 minecraft:melon_stem[age=7] -> Could not set the block
rcon setblock -2 -60 28 minecraft:melon -> Could not set the block
rcon setblock 2 -60 28 minecraft:melon -> Could not set the block
rcon setblock 0 -60 26 minecraft:melon -> Could not set the block
rcon setblock 0 -60 30 minecraft:melon -> Could not set the block
rcon setblock -2 -60 26 minecraft:melon -> Could not set the block
rcon setblock -2 -60 30 minecraft:melon -> Could not set the block
rcon setblock 2 -60 26 minecraft:melon -> Could not set the block
rcon setblock 2 -60 30 minecraft:melon -> Could not set the block
rcon setblock 5 -61 5 minecraft:water -> Could not set the block
rcon setblock 4 -61 4 minecraft:farmland[moisture=7] -> Changed the block at 4, -61, 4
rcon setblock 4 -61 5 minecraft:farmland[moisture=7] -> Could not set the block
rcon setblock 4 -61 6 minecraft:farmland[moisture=7] -> Changed the block at 4, -61, 6
rcon setblock 5 -61 4 minecraft:farmland[moisture=7] -> Could not set the block
rcon setblock 5 -61 6 minecraft:farmland[moisture=7] -> Could not set the block
rcon setblock 6 -61 4 minecraft:farmland[moisture=7] -> Changed the block at 6, -61, 4
rcon setblock 6 -61 5 minecraft:farmland[moisture=7] -> Could not set the block
rcon setblock 6 -61 6 minecraft:farmland[moisture=7] -> Changed the block at 6, -61, 6
rcon setblock 4 -60 5 minecraft:melon_stem[age=7] -> Could not set the block
rcon setblock 6 -60 5 minecraft:melon_stem[age=7] -> Could not set the block
rcon setblock 5 -60 4 minecraft:melon_stem[age=7] -> Could not set the block
rcon setblock 5 -60 6 minecraft:melon_stem[age=7] -> Could not set the block
rcon setblock 3 -60 5 minecraft:melon -> Could not set the block
rcon setblock 7 -60 5 minecraft:melon -> Could not set the block
rcon setblock 5 -60 3 minecraft:melon -> Could not set the block
rcon setblock 5 -60 7 minecraft:melon -> Could not set the block
rcon setblock 3 -60 3 minecraft:melon -> Could not set the block
rcon setblock 3 -60 7 minecraft:melon -> Could not set the block
rcon setblock 7 -60 3 minecraft:melon -> Could not set the block
rcon setblock 7 -60 7 minecraft:melon -> Could not set the block
rcon setblock 28 -61 0 minecraft:water -> Could not set the block
rcon setblock 27 -61 -1 minecraft:farmland[moisture=7] -> Changed the block at 27, -61, -1
rcon setblock 27 -61 0 minecraft:farmland[moisture=7] -> Could not set the block
rcon setblock 27 -61 1 minecraft:farmland[moisture=7] -> Changed the block at 27, -61, 1
rcon setblock 28 -61 -1 minecraft:farmland[moisture=7] -> Could not set the block
rcon setblock 28 -61 1 minecraft:farmland[moisture=7] -> Could not set the block
rcon setblock 29 -61 -1 minecraft:farmland[moisture=7] -> Changed the block at 29, -61, -1
rcon setblock 29 -61 0 minecraft:farmland[moisture=7] -> Could not set the block
rcon setblock 29 -61 1 minecraft:farmland[moisture=7] -> Changed the block at 29, -61, 1
rcon setblock 27 -60 0 minecraft:melon_stem[age=7] -> Could not set the block
rcon setblock 29 -60 0 minecraft:melon_stem[age=7] -> Could not set the block
rcon setblock 28 -60 -1 minecraft:melon_stem[age=7] -> Could not set the block
rcon setblock 28 -60 1 minecraft:melon_stem[age=7] -> Could not set the block
rcon setblock 26 -60 0 minecraft:melon -> Could not set the block
rcon setblock 30 -60 0 minecraft:melon -> Could not set the block
rcon setblock 28 -60 -2 minecraft:melon -> Could not set the block
rcon setblock 28 -60 2 minecraft:melon -> Could not set the block
rcon setblock 26 -60 -2 minecraft:melon -> Could not set the block
rcon setblock 26 -60 2 minecraft:melon -> Could not set the block
rcon setblock 30 -60 -2 minecraft:melon -> Could not set the block
rcon setblock 30 -60 2 minecraft:melon -> Could not set the block
rcon setblock 0 -61 28 minecraft:water -> Could not set the block
rcon setblock -1 -61 27 minecraft:farmland[moisture=7] -> Changed the block at -1, -61, 27
rcon setblock -1 -61 28 minecraft:farmland[moisture=7] -> Could not set the block
rcon setblock -1 -61 29 minecraft:farmland[moisture=7] -> Changed the block at -1, -61, 29
rcon setblock 0 -61 27 minecraft:farmland[moisture=7] -> Could not set the block
rcon setblock 0 -61 29 minecraft:farmland[moisture=7] -> Could not set the block
rcon setblock 1 -61 27 minecraft:farmland[moisture=7] -> Changed the block at 1, -61, 27
rcon setblock 1 -61 28 minecraft:farmland[moisture=7] -> Could not set the block
rcon setblock 1 -61 29 minecraft:farmland[moisture=7] -> Changed the block at 1, -61, 29
rcon setblock -1 -60 28 minecraft:melon_stem[age=7] -> Could not set the block
rcon setblock 1 -60 28 minecraft:melon_stem[age=7] -> Could not set the block
rcon setblock 0 -60 27 minecraft:melon_stem[age=7] -> Could not set the block
rcon setblock 0 -60 29 minecraft:melon_stem[age=7] -> Could not set the block
rcon setblock -2 -60 28 minecraft:melon -> Could not set the block
rcon setblock 2 -60 28 minecraft:melon -> Could not set the block
rcon setblock 0 -60 26 minecraft:melon -> Could not set the block
rcon setblock 0 -60 30 minecraft:melon -> Could not set the block
rcon setblock -2 -60 26 minecraft:melon -> Could not set the block
rcon setblock -2 -60 30 minecraft:melon -> Could not set the block
rcon setblock 2 -60 26 minecraft:melon -> Could not set the block
rcon setblock 2 -60 30 minecraft:melon -> Could not set the block
LIFE {"arm": "a2", "life": 2, "chains": 0, "distant_collects": 0, "eats": 0, "first_eat": null, "satiated": false, "expressed": false, "drops_leg": false, "completions": 141, "false_completions": 100, "food_min": 3, "food_max": 8, "columns": 85, "reach": 11.5}
rcon setblock 5 -61 5 minecraft:water -> Changed the block at 5, -61, 5
rcon setblock 4 -61 4 minecraft:farmland[moisture=7] -> Changed the block at 4, -61, 4
rcon setblock 4 -61 5 minecraft:farmland[moisture=7] -> Could not set the block
rcon setblock 4 -61 6 minecraft:farmland[moisture=7] -> Changed the block at 4, -61, 6
rcon setblock 5 -61 4 minecraft:farmland[moisture=7] -> Could not set the block
rcon setblock 5 -61 6 minecraft:farmland[moisture=7] -> Could not set the block
rcon setblock 6 -61 4 minecraft:farmland[moisture=7] -> Changed the block at 6, -61, 4
rcon setblock 6 -61 5 minecraft:farmland[moisture=7] -> Could not set the block
rcon setblock 6 -61 6 minecraft:farmland[moisture=7] -> Changed the block at 6, -61, 6
rcon setblock 4 -60 5 minecraft:melon_stem[age=7] -> Could not set the block
rcon setblock 6 -60 5 minecraft:melon_stem[age=7] -> Changed the block at 6, -60, 5
rcon setblock 5 -60 4 minecraft:melon_stem[age=7] -> Changed the block at 5, -60, 4
rcon setblock 5 -60 6 minecraft:melon_stem[age=7] -> Could not set the block
rcon setblock 3 -60 5 minecraft:melon -> Could not set the block
rcon setblock 7 -60 5 minecraft:melon -> Could not set the block
rcon setblock 5 -60 3 minecraft:melon -> Could not set the block
rcon setblock 5 -60 7 minecraft:melon -> Could not set the block
rcon setblock 3 -60 3 minecraft:melon -> Could not set the block
rcon setblock 3 -60 7 minecraft:melon -> Could not set the block
rcon setblock 7 -60 3 minecraft:melon -> Could not set the block
rcon setblock 7 -60 7 minecraft:melon -> Could not set the block
rcon setblock 28 -61 0 minecraft:water -> Changed the block at 28, -61, 0
rcon setblock 27 -61 -1 minecraft:farmland[moisture=7] -> Changed the block at 27, -61, -1
rcon setblock 27 -61 0 minecraft:farmland[moisture=7] -> Could not set the block
rcon setblock 27 -61 1 minecraft:farmland[moisture=7] -> Changed the block at 27, -61, 1
rcon setblock 28 -61 -1 minecraft:farmland[moisture=7] -> Changed the block at 28, -61, -1
rcon setblock 28 -61 1 minecraft:farmland[moisture=7] -> Could not set the block
rcon setblock 29 -61 -1 minecraft:farmland[moisture=7] -> Changed the block at 29, -61, -1
rcon setblock 29 -61 0 minecraft:farmland[moisture=7] -> Could not set the block
rcon setblock 29 -61 1 minecraft:farmland[moisture=7] -> Changed the block at 29, -61, 1
rcon setblock 27 -60 0 minecraft:melon_stem[age=7] -> Could not set the block
rcon setblock 29 -60 0 minecraft:melon_stem[age=7] -> Could not set the block
rcon setblock 28 -60 -1 minecraft:melon_stem[age=7] -> Could not set the block
rcon setblock 28 -60 1 minecraft:melon_stem[age=7] -> Could not set the block
rcon setblock 26 -60 0 minecraft:melon -> Could not set the block
rcon setblock 30 -60 0 minecraft:melon -> Could not set the block
rcon setblock 28 -60 -2 minecraft:melon -> Could not set the block
rcon setblock 28 -60 2 minecraft:melon -> Could not set the block
rcon setblock 26 -60 -2 minecraft:melon -> Could not set the block
rcon setblock 26 -60 2 minecraft:melon -> Could not set the block
rcon setblock 30 -60 -2 minecraft:melon -> Could not set the block
rcon setblock 30 -60 2 minecraft:melon -> Could not set the block
rcon setblock 0 -61 28 minecraft:water -> Changed the block at 0, -61, 28
rcon setblock -1 -61 27 minecraft:farmland[moisture=7] -> Changed the block at -1, -61, 27
rcon setblock -1 -61 28 minecraft:farmland[moisture=7] -> Could not set the block
rcon setblock -1 -61 29 minecraft:farmland[moisture=7] -> Changed the block at -1, -61, 29
rcon setblock 0 -61 27 minecraft:farmland[moisture=7] -> Changed the block at 0, -61, 27
rcon setblock 0 -61 29 minecraft:farmland[moisture=7] -> Could not set the block
rcon setblock 1 -61 27 minecraft:farmland[moisture=7] -> Changed the block at 1, -61, 27
rcon setblock 1 -61 28 minecraft:farmland[moisture=7] -> Could not set the block
rcon setblock 1 -61 29 minecraft:farmland[moisture=7] -> Changed the block at 1, -61, 29
rcon setblock -1 -60 28 minecraft:melon_stem[age=7] -> Could not set the block
rcon setblock 1 -60 28 minecraft:melon_stem[age=7] -> Could not set the block
rcon setblock 0 -60 27 minecraft:melon_stem[age=7] -> Could not set the block
rcon setblock 0 -60 29 minecraft:melon_stem[age=7] -> Could not set the block
rcon setblock -2 -60 28 minecraft:melon -> Could not set the block
rcon setblock 2 -60 28 minecraft:melon -> Could not set the block
rcon setblock 0 -60 26 minecraft:melon -> Could not set the block
rcon setblock 0 -60 30 minecraft:melon -> Could not set the block
rcon setblock -2 -60 26 minecraft:melon -> Could not set the block
rcon setblock -2 -60 30 minecraft:melon -> Could not set the block
rcon setblock 2 -60 26 minecraft:melon -> Could not set the block
rcon setblock 2 -60 30 minecraft:melon -> Could not set the block
rcon setblock 5 -61 5 minecraft:water -> Could not set the block
rcon setblock 4 -61 4 minecraft:farmland[moisture=7] -> Changed the block at 4, -61, 4
rcon setblock 4 -61 5 minecraft:farmland[moisture=7] -> Could not set the block
rcon setblock 4 -61 6 minecraft:farmland[moisture=7] -> Changed the block at 4, -61, 6
rcon setblock 5 -61 4 minecraft:farmland[moisture=7] -> Could not set the block
rcon setblock 5 -61 6 minecraft:farmland[moisture=7] -> Could not set the block
rcon setblock 6 -61 4 minecraft:farmland[moisture=7] -> Changed the block at 6, -61, 4
rcon setblock 6 -61 5 minecraft:farmland[moisture=7] -> Could not set the block
rcon setblock 6 -61 6 minecraft:farmland[moisture=7] -> Changed the block at 6, -61, 6
rcon setblock 4 -60 5 minecraft:melon_stem[age=7] -> Could not set the block
rcon setblock 6 -60 5 minecraft:melon_stem[age=7] -> Could not set the block
rcon setblock 5 -60 4 minecraft:melon_stem[age=7] -> Could not set the block
rcon setblock 5 -60 6 minecraft:melon_stem[age=7] -> Could not set the block
rcon setblock 3 -60 5 minecraft:melon -> Could not set the block
rcon setblock 7 -60 5 minecraft:melon -> Could not set the block
rcon setblock 5 -60 3 minecraft:melon -> Could not set the block
rcon setblock 5 -60 7 minecraft:melon -> Could not set the block
rcon setblock 3 -60 3 minecraft:melon -> Could not set the block
rcon setblock 3 -60 7 minecraft:melon -> Could not set the block
rcon setblock 7 -60 3 minecraft:melon -> Could not set the block
rcon setblock 7 -60 7 minecraft:melon -> Could not set the block
rcon setblock 28 -61 0 minecraft:water -> Could not set the block
rcon setblock 27 -61 -1 minecraft:farmland[moisture=7] -> Changed the block at 27, -61, -1
rcon setblock 27 -61 0 minecraft:farmland[moisture=7] -> Could not set the block
rcon setblock 27 -61 1 minecraft:farmland[moisture=7] -> Changed the block at 27, -61, 1
rcon setblock 28 -61 -1 minecraft:farmland[moisture=7] -> Could not set the block
rcon setblock 28 -61 1 minecraft:farmland[moisture=7] -> Could not set the block
rcon setblock 29 -61 -1 minecraft:farmland[moisture=7] -> Changed the block at 29, -61, -1
rcon setblock 29 -61 0 minecraft:farmland[moisture=7] -> Could not set the block
rcon setblock 29 -61 1 minecraft:farmland[moisture=7] -> Changed the block at 29, -61, 1
rcon setblock 27 -60 0 minecraft:melon_stem[age=7] -> Could not set the block
rcon setblock 29 -60 0 minecraft:melon_stem[age=7] -> Could not set the block
rcon setblock 28 -60 -1 minecraft:melon_stem[age=7] -> Could not set the block
rcon setblock 28 -60 1 minecraft:melon_stem[age=7] -> Could not set the block
rcon setblock 26 -60 0 minecraft:melon -> Could not set the block
rcon setblock 30 -60 0 minecraft:melon -> Could not set the block
rcon setblock 28 -60 -2 minecraft:melon -> Could not set the block
rcon setblock 28 -60 2 minecraft:melon -> Could not set the block
rcon setblock 26 -60 -2 minecraft:melon -> Could not set the block
rcon setblock 26 -60 2 minecraft:melon -> Could not set the block
rcon setblock 30 -60 -2 minecraft:melon -> Could not set the block
rcon setblock 30 -60 2 minecraft:melon -> Could not set the block
rcon setblock 0 -61 28 minecraft:water -> Could not set the block
rcon setblock -1 -61 27 minecraft:farmland[moisture=7] -> Changed the block at -1, -61, 27
rcon setblock -1 -61 28 minecraft:farmland[moisture=7] -> Could not set the block
rcon setblock -1 -61 29 minecraft:farmland[moisture=7] -> Changed the block at -1, -61, 29
rcon setblock 0 -61 27 minecraft:farmland[moisture=7] -> Could not set the block
rcon setblock 0 -61 29 minecraft:farmland[moisture=7] -> Could not set the block
rcon setblock 1 -61 27 minecraft:farmland[moisture=7] -> Changed the block at 1, -61, 27
rcon setblock 1 -61 28 minecraft:farmland[moisture=7] -> Could not set the block
rcon setblock 1 -61 29 minecraft:farmland[moisture=7] -> Changed the block at 1, -61, 29
rcon setblock -1 -60 28 minecraft:melon_stem[age=7] -> Could not set the block
rcon setblock 1 -60 28 minecraft:melon_stem[age=7] -> Could not set the block
rcon setblock 0 -60 27 minecraft:melon_stem[age=7] -> Could not set the block
rcon setblock 0 -60 29 minecraft:melon_stem[age=7] -> Could not set the block
rcon setblock -2 -60 28 minecraft:melon -> Could not set the block
rcon setblock 2 -60 28 minecraft:melon -> Could not set the block
rcon setblock 0 -60 26 minecraft:melon -> Could not set the block
rcon setblock 0 -60 30 minecraft:melon -> Could not set the block
rcon setblock -2 -60 26 minecraft:melon -> Could not set the block
rcon setblock -2 -60 30 minecraft:melon -> Could not set the block
rcon setblock 2 -60 26 minecraft:melon -> Could not set the block
rcon setblock 2 -60 30 minecraft:melon -> Could not set the block
LIFE {"arm": "a2", "life": 3, "chains": 1, "distant_collects": 1, "eats": 6, "first_eat": 3898, "satiated": true, "expressed": true, "drops_leg": true, "completions": 129, "false_completions": 82, "food_min": 7, "food_max": 19, "columns": 100, "reach": 11.4}
rcon setblock 5 -61 5 minecraft:water -> Changed the block at 5, -61, 5
rcon setblock 4 -61 4 minecraft:farmland[moisture=7] -> Changed the block at 4, -61, 4
rcon setblock 4 -61 5 minecraft:farmland[moisture=7] -> Could not set the block
rcon setblock 4 -61 6 minecraft:farmland[moisture=7] -> Changed the block at 4, -61, 6
rcon setblock 5 -61 4 minecraft:farmland[moisture=7] -> Changed the block at 5, -61, 4
rcon setblock 5 -61 6 minecraft:farmland[moisture=7] -> Could not set the block
rcon setblock 6 -61 4 minecraft:farmland[moisture=7] -> Changed the block at 6, -61, 4
rcon setblock 6 -61 5 minecraft:farmland[moisture=7] -> Changed the block at 6, -61, 5
rcon setblock 6 -61 6 minecraft:farmland[moisture=7] -> Changed the block at 6, -61, 6
rcon setblock 4 -60 5 minecraft:melon_stem[age=7] -> Changed the block at 4, -60, 5
rcon setblock 6 -60 5 minecraft:melon_stem[age=7] -> Changed the block at 6, -60, 5
rcon setblock 5 -60 4 minecraft:melon_stem[age=7] -> Changed the block at 5, -60, 4
rcon setblock 5 -60 6 minecraft:melon_stem[age=7] -> Could not set the block
rcon setblock 3 -60 5 minecraft:melon -> Could not set the block
rcon setblock 7 -60 5 minecraft:melon -> Changed the block at 7, -60, 5
rcon setblock 5 -60 3 minecraft:melon -> Could not set the block
rcon setblock 5 -60 7 minecraft:melon -> Could not set the block
rcon setblock 3 -60 3 minecraft:melon -> Could not set the block
rcon setblock 3 -60 7 minecraft:melon -> Could not set the block
rcon setblock 7 -60 3 minecraft:melon -> Could not set the block
rcon setblock 7 -60 7 minecraft:melon -> Could not set the block
rcon setblock 28 -61 0 minecraft:water -> Changed the block at 28, -61, 0
rcon setblock 27 -61 -1 minecraft:farmland[moisture=7] -> Changed the block at 27, -61, -1
rcon setblock 27 -61 0 minecraft:farmland[moisture=7] -> Could not set the block
rcon setblock 27 -61 1 minecraft:farmland[moisture=7] -> Changed the block at 27, -61, 1
rcon setblock 28 -61 -1 minecraft:farmland[moisture=7] -> Could not set the block
rcon setblock 28 -61 1 minecraft:farmland[moisture=7] -> Could not set the block
rcon setblock 29 -61 -1 minecraft:farmland[moisture=7] -> Changed the block at 29, -61, -1
rcon setblock 29 -61 0 minecraft:farmland[moisture=7] -> Could not set the block
rcon setblock 29 -61 1 minecraft:farmland[moisture=7] -> Changed the block at 29, -61, 1
rcon setblock 27 -60 0 minecraft:melon_stem[age=7] -> Could not set the block
rcon setblock 29 -60 0 minecraft:melon_stem[age=7] -> Could not set the block
rcon setblock 28 -60 -1 minecraft:melon_stem[age=7] -> Could not set the block
rcon setblock 28 -60 1 minecraft:melon_stem[age=7] -> Could not set the block
rcon setblock 26 -60 0 minecraft:melon -> Could not set the block
rcon setblock 30 -60 0 minecraft:melon -> Could not set the block
rcon setblock 28 -60 -2 minecraft:melon -> Could not set the block
rcon setblock 28 -60 2 minecraft:melon -> Could not set the block
rcon setblock 26 -60 -2 minecraft:melon -> Could not set the block
rcon setblock 26 -60 2 minecraft:melon -> Could not set the block
rcon setblock 30 -60 -2 minecraft:melon -> Could not set the block
rcon setblock 30 -60 2 minecraft:melon -> Could not set the block
rcon setblock 0 -61 28 minecraft:water -> Changed the block at 0, -61, 28
rcon setblock -1 -61 27 minecraft:farmland[moisture=7] -> Changed the block at -1, -61, 27
rcon setblock -1 -61 28 minecraft:farmland[moisture=7] -> Could not set the block
rcon setblock -1 -61 29 minecraft:farmland[moisture=7] -> Changed the block at -1, -61, 29
rcon setblock 0 -61 27 minecraft:farmland[moisture=7] -> Could not set the block
rcon setblock 0 -61 29 minecraft:farmland[moisture=7] -> Changed the block at 0, -61, 29
rcon setblock 1 -61 27 minecraft:farmland[moisture=7] -> Changed the block at 1, -61, 27
rcon setblock 1 -61 28 minecraft:farmland[moisture=7] -> Could not set the block
rcon setblock 1 -61 29 minecraft:farmland[moisture=7] -> Changed the block at 1, -61, 29
rcon setblock -1 -60 28 minecraft:melon_stem[age=7] -> Could not set the block
rcon setblock 1 -60 28 minecraft:melon_stem[age=7] -> Could not set the block
rcon setblock 0 -60 27 minecraft:melon_stem[age=7] -> Could not set the block
rcon setblock 0 -60 29 minecraft:melon_stem[age=7] -> Could not set the block
rcon setblock -2 -60 28 minecraft:melon -> Could not set the block
rcon setblock 2 -60 28 minecraft:melon -> Could not set the block
rcon setblock 0 -60 26 minecraft:melon -> Could not set the block
rcon setblock 0 -60 30 minecraft:melon -> Could not set the block
rcon setblock -2 -60 26 minecraft:melon -> Could not set the block
rcon setblock -2 -60 30 minecraft:melon -> Could not set the block
rcon setblock 2 -60 26 minecraft:melon -> Could not set the block
rcon setblock 2 -60 30 minecraft:melon -> Could not set the block
rcon setblock 5 -61 5 minecraft:water -> Could not set the block
rcon setblock 4 -61 4 minecraft:farmland[moisture=7] -> Changed the block at 4, -61, 4
rcon setblock 4 -61 5 minecraft:farmland[moisture=7] -> Could not set the block
rcon setblock 4 -61 6 minecraft:farmland[moisture=7] -> Changed the block at 4, -61, 6
rcon setblock 5 -61 4 minecraft:farmland[moisture=7] -> Could not set the block
rcon setblock 5 -61 6 minecraft:farmland[moisture=7] -> Could not set the block
rcon setblock 6 -61 4 minecraft:farmland[moisture=7] -> Changed the block at 6, -61, 4
rcon setblock 6 -61 5 minecraft:farmland[moisture=7] -> Could not set the block
rcon setblock 6 -61 6 minecraft:farmland[moisture=7] -> Changed the block at 6, -61, 6
rcon setblock 4 -60 5 minecraft:melon_stem[age=7] -> Could not set the block
rcon setblock 6 -60 5 minecraft:melon_stem[age=7] -> Could not set the block
rcon setblock 5 -60 4 minecraft:melon_stem[age=7] -> Could not set the block
rcon setblock 5 -60 6 minecraft:melon_stem[age=7] -> Could not set the block
rcon setblock 3 -60 5 minecraft:melon -> Could not set the block
rcon setblock 7 -60 5 minecraft:melon -> Could not set the block
rcon setblock 5 -60 3 minecraft:melon -> Could not set the block
rcon setblock 5 -60 7 minecraft:melon -> Could not set the block
rcon setblock 3 -60 3 minecraft:melon -> Could not set the block
rcon setblock 3 -60 7 minecraft:melon -> Could not set the block
rcon setblock 7 -60 3 minecraft:melon -> Could not set the block
rcon setblock 7 -60 7 minecraft:melon -> Could not set the block
rcon setblock 28 -61 0 minecraft:water -> Could not set the block
rcon setblock 27 -61 -1 minecraft:farmland[moisture=7] -> Changed the block at 27, -61, -1
rcon setblock 27 -61 0 minecraft:farmland[moisture=7] -> Could not set the block
rcon setblock 27 -61 1 minecraft:farmland[moisture=7] -> Changed the block at 27, -61, 1
rcon setblock 28 -61 -1 minecraft:farmland[moisture=7] -> Could not set the block
rcon setblock 28 -61 1 minecraft:farmland[moisture=7] -> Could not set the block
rcon setblock 29 -61 -1 minecraft:farmland[moisture=7] -> Changed the block at 29, -61, -1
rcon setblock 29 -61 0 minecraft:farmland[moisture=7] -> Could not set the block
rcon setblock 29 -61 1 minecraft:farmland[moisture=7] -> Changed the block at 29, -61, 1
rcon setblock 27 -60 0 minecraft:melon_stem[age=7] -> Could not set the block
rcon setblock 29 -60 0 minecraft:melon_stem[age=7] -> Could not set the block
rcon setblock 28 -60 -1 minecraft:melon_stem[age=7] -> Could not set the block
rcon setblock 28 -60 1 minecraft:melon_stem[age=7] -> Could not set the block
rcon setblock 26 -60 0 minecraft:melon -> Could not set the block
rcon setblock 30 -60 0 minecraft:melon -> Could not set the block
rcon setblock 28 -60 -2 minecraft:melon -> Could not set the block
rcon setblock 28 -60 2 minecraft:melon -> Could not set the block
rcon setblock 26 -60 -2 minecraft:melon -> Could not set the block
rcon setblock 26 -60 2 minecraft:melon -> Could not set the block
rcon setblock 30 -60 -2 minecraft:melon -> Could not set the block
rcon setblock 30 -60 2 minecraft:melon -> Could not set the block
rcon setblock 0 -61 28 minecraft:water -> Could not set the block
rcon setblock -1 -61 27 minecraft:farmland[moisture=7] -> Changed the block at -1, -61, 27
rcon setblock -1 -61 28 minecraft:farmland[moisture=7] -> Could not set the block
rcon setblock -1 -61 29 minecraft:farmland[moisture=7] -> Changed the block at -1, -61, 29
rcon setblock 0 -61 27 minecraft:farmland[moisture=7] -> Could not set the block
rcon setblock 0 -61 29 minecraft:farmland[moisture=7] -> Could not set the block
rcon setblock 1 -61 27 minecraft:farmland[moisture=7] -> Changed the block at 1, -61, 27
rcon setblock 1 -61 28 minecraft:farmland[moisture=7] -> Could not set the block
rcon setblock 1 -61 29 minecraft:farmland[moisture=7] -> Changed the block at 1, -61, 29
rcon setblock -1 -60 28 minecraft:melon_stem[age=7] -> Could not set the block
rcon setblock 1 -60 28 minecraft:melon_stem[age=7] -> Could not set the block
rcon setblock 0 -60 27 minecraft:melon_stem[age=7] -> Could not set the block
rcon setblock 0 -60 29 minecraft:melon_stem[age=7] -> Could not set the block
rcon setblock -2 -60 28 minecraft:melon -> Could not set the block
rcon setblock 2 -60 28 minecraft:melon -> Could not set the block
rcon setblock 0 -60 26 minecraft:melon -> Could not set the block
rcon setblock 0 -60 30 minecraft:melon -> Could not set the block
rcon setblock -2 -60 26 minecraft:melon -> Could not set the block
rcon setblock -2 -60 30 minecraft:melon -> Could not set the block
rcon setblock 2 -60 26 minecraft:melon -> Could not set the block
rcon setblock 2 -60 30 minecraft:melon -> Could not set the block
LIFE {"arm": "a2", "life": 4, "chains": 0, "distant_collects": 0, "eats": 0, "first_eat": null, "satiated": false, "expressed": false, "drops_leg": false, "completions": 196, "false_completions": 124, "food_min": 3, "food_max": 8, "columns": 92, "reach": 12.8}
rcon setblock 5 -61 5 minecraft:water -> Changed the block at 5, -61, 5
rcon setblock 4 -61 4 minecraft:farmland[moisture=7] -> Changed the block at 4, -61, 4
rcon setblock 4 -61 5 minecraft:farmland[moisture=7] -> Could not set the block
rcon setblock 4 -61 6 minecraft:farmland[moisture=7] -> Changed the block at 4, -61, 6
rcon setblock 5 -61 4 minecraft:farmland[moisture=7] -> Changed the block at 5, -61, 4
rcon setblock 5 -61 6 minecraft:farmland[moisture=7] -> Could not set the block
rcon setblock 6 -61 4 minecraft:farmland[moisture=7] -> Changed the block at 6, -61, 4
rcon setblock 6 -61 5 minecraft:farmland[moisture=7] -> Could not set the block
rcon setblock 6 -61 6 minecraft:farmland[moisture=7] -> Changed the block at 6, -61, 6
rcon setblock 4 -60 5 minecraft:melon_stem[age=7] -> Could not set the block
rcon setblock 6 -60 5 minecraft:melon_stem[age=7] -> Could not set the block
rcon setblock 5 -60 4 minecraft:melon_stem[age=7] -> Changed the block at 5, -60, 4
rcon setblock 5 -60 6 minecraft:melon_stem[age=7] -> Could not set the block
rcon setblock 3 -60 5 minecraft:melon -> Could not set the block
rcon setblock 7 -60 5 minecraft:melon -> Could not set the block
rcon setblock 5 -60 3 minecraft:melon -> Changed the block at 5, -60, 3
rcon setblock 5 -60 7 minecraft:melon -> Could not set the block
rcon setblock 3 -60 3 minecraft:melon -> Could not set the block
rcon setblock 3 -60 7 minecraft:melon -> Could not set the block
rcon setblock 7 -60 3 minecraft:melon -> Could not set the block
rcon setblock 7 -60 7 minecraft:melon -> Could not set the block
rcon setblock 28 -61 0 minecraft:water -> Changed the block at 28, -61, 0
rcon setblock 27 -61 -1 minecraft:farmland[moisture=7] -> Changed the block at 27, -61, -1
rcon setblock 27 -61 0 minecraft:farmland[moisture=7] -> Could not set the block
rcon setblock 27 -61 1 minecraft:farmland[moisture=7] -> Changed the block at 27, -61, 1
rcon setblock 28 -61 -1 minecraft:farmland[moisture=7] -> Could not set the block
rcon setblock 28 -61 1 minecraft:farmland[moisture=7] -> Could not set the block
rcon setblock 29 -61 -1 minecraft:farmland[moisture=7] -> Changed the block at 29, -61, -1
rcon setblock 29 -61 0 minecraft:farmland[moisture=7] -> Could not set the block
rcon setblock 29 -61 1 minecraft:farmland[moisture=7] -> Changed the block at 29, -61, 1
rcon setblock 27 -60 0 minecraft:melon_stem[age=7] -> Could not set the block
rcon setblock 29 -60 0 minecraft:melon_stem[age=7] -> Could not set the block
rcon setblock 28 -60 -1 minecraft:melon_stem[age=7] -> Could not set the block
rcon setblock 28 -60 1 minecraft:melon_stem[age=7] -> Could not set the block
rcon setblock 26 -60 0 minecraft:melon -> Could not set the block
rcon setblock 30 -60 0 minecraft:melon -> Could not set the block
rcon setblock 28 -60 -2 minecraft:melon -> Could not set the block
rcon setblock 28 -60 2 minecraft:melon -> Could not set the block
rcon setblock 26 -60 -2 minecraft:melon -> Could not set the block
rcon setblock 26 -60 2 minecraft:melon -> Could not set the block
rcon setblock 30 -60 -2 minecraft:melon -> Could not set the block
rcon setblock 30 -60 2 minecraft:melon -> Could not set the block
rcon setblock 0 -61 28 minecraft:water -> Changed the block at 0, -61, 28
rcon setblock -1 -61 27 minecraft:farmland[moisture=7] -> Changed the block at -1, -61, 27
rcon setblock -1 -61 28 minecraft:farmland[moisture=7] -> Could not set the block
rcon setblock -1 -61 29 minecraft:farmland[moisture=7] -> Changed the block at -1, -61, 29
rcon setblock 0 -61 27 minecraft:farmland[moisture=7] -> Could not set the block
rcon setblock 0 -61 29 minecraft:farmland[moisture=7] -> Could not set the block
rcon setblock 1 -61 27 minecraft:farmland[moisture=7] -> Changed the block at 1, -61, 27
rcon setblock 1 -61 28 minecraft:farmland[moisture=7] -> Could not set the block
rcon setblock 1 -61 29 minecraft:farmland[moisture=7] -> Changed the block at 1, -61, 29
rcon setblock -1 -60 28 minecraft:melon_stem[age=7] -> Could not set the block
rcon setblock 1 -60 28 minecraft:melon_stem[age=7] -> Could not set the block
rcon setblock 0 -60 27 minecraft:melon_stem[age=7] -> Could not set the block
rcon setblock 0 -60 29 minecraft:melon_stem[age=7] -> Could not set the block
rcon setblock -2 -60 28 minecraft:melon -> Could not set the block
rcon setblock 2 -60 28 minecraft:melon -> Could not set the block
rcon setblock 0 -60 26 minecraft:melon -> Could not set the block
rcon setblock 0 -60 30 minecraft:melon -> Could not set the block
rcon setblock -2 -60 26 minecraft:melon -> Could not set the block
rcon setblock -2 -60 30 minecraft:melon -> Could not set the block
rcon setblock 2 -60 26 minecraft:melon -> Could not set the block
rcon setblock 2 -60 30 minecraft:melon -> Could not set the block
rcon setblock 5 -61 5 minecraft:water -> Could not set the block
rcon setblock 4 -61 4 minecraft:farmland[moisture=7] -> Changed the block at 4, -61, 4
rcon setblock 4 -61 5 minecraft:farmland[moisture=7] -> Could not set the block
rcon setblock 4 -61 6 minecraft:farmland[moisture=7] -> Changed the block at 4, -61, 6
rcon setblock 5 -61 4 minecraft:farmland[moisture=7] -> Could not set the block
rcon setblock 5 -61 6 minecraft:farmland[moisture=7] -> Could not set the block
rcon setblock 6 -61 4 minecraft:farmland[moisture=7] -> Changed the block at 6, -61, 4
rcon setblock 6 -61 5 minecraft:farmland[moisture=7] -> Could not set the block
rcon setblock 6 -61 6 minecraft:farmland[moisture=7] -> Changed the block at 6, -61, 6
rcon setblock 4 -60 5 minecraft:melon_stem[age=7] -> Could not set the block
rcon setblock 6 -60 5 minecraft:melon_stem[age=7] -> Could not set the block
rcon setblock 5 -60 4 minecraft:melon_stem[age=7] -> Could not set the block
rcon setblock 5 -60 6 minecraft:melon_stem[age=7] -> Could not set the block
rcon setblock 3 -60 5 minecraft:melon -> Could not set the block
rcon setblock 7 -60 5 minecraft:melon -> Could not set the block
rcon setblock 5 -60 3 minecraft:melon -> Could not set the block
rcon setblock 5 -60 7 minecraft:melon -> Could not set the block
rcon setblock 3 -60 3 minecraft:melon -> Could not set the block
rcon setblock 3 -60 7 minecraft:melon -> Could not set the block
rcon setblock 7 -60 3 minecraft:melon -> Could not set the block
rcon setblock 7 -60 7 minecraft:melon -> Could not set the block
rcon setblock 28 -61 0 minecraft:water -> Could not set the block
rcon setblock 27 -61 -1 minecraft:farmland[moisture=7] -> Changed the block at 27, -61, -1
rcon setblock 27 -61 0 minecraft:farmland[moisture=7] -> Could not set the block
rcon setblock 27 -61 1 minecraft:farmland[moisture=7] -> Changed the block at 27, -61, 1
rcon setblock 28 -61 -1 minecraft:farmland[moisture=7] -> Could not set the block
rcon setblock 28 -61 1 minecraft:farmland[moisture=7] -> Could not set the block
rcon setblock 29 -61 -1 minecraft:farmland[moisture=7] -> Changed the block at 29, -61, -1
rcon setblock 29 -61 0 minecraft:farmland[moisture=7] -> Could not set the block
rcon setblock 29 -61 1 minecraft:farmland[moisture=7] -> Changed the block at 29, -61, 1
rcon setblock 27 -60 0 minecraft:melon_stem[age=7] -> Could not set the block
rcon setblock 29 -60 0 minecraft:melon_stem[age=7] -> Could not set the block
rcon setblock 28 -60 -1 minecraft:melon_stem[age=7] -> Could not set the block
rcon setblock 28 -60 1 minecraft:melon_stem[age=7] -> Could not set the block
rcon setblock 26 -60 0 minecraft:melon -> Could not set the block
rcon setblock 30 -60 0 minecraft:melon -> Could not set the block
rcon setblock 28 -60 -2 minecraft:melon -> Could not set the block
rcon setblock 28 -60 2 minecraft:melon -> Could not set the block
rcon setblock 26 -60 -2 minecraft:melon -> Could not set the block
rcon setblock 26 -60 2 minecraft:melon -> Could not set the block
rcon setblock 30 -60 -2 minecraft:melon -> Could not set the block
rcon setblock 30 -60 2 minecraft:melon -> Could not set the block
rcon setblock 0 -61 28 minecraft:water -> Could not set the block
rcon setblock -1 -61 27 minecraft:farmland[moisture=7] -> Changed the block at -1, -61, 27
rcon setblock -1 -61 28 minecraft:farmland[moisture=7] -> Could not set the block
rcon setblock -1 -61 29 minecraft:farmland[moisture=7] -> Changed the block at -1, -61, 29
rcon setblock 0 -61 27 minecraft:farmland[moisture=7] -> Could not set the block
rcon setblock 0 -61 29 minecraft:farmland[moisture=7] -> Could not set the block
rcon setblock 1 -61 27 minecraft:farmland[moisture=7] -> Changed the block at 1, -61, 27
rcon setblock 1 -61 28 minecraft:farmland[moisture=7] -> Could not set the block
rcon setblock 1 -61 29 minecraft:farmland[moisture=7] -> Changed the block at 1, -61, 29
rcon setblock -1 -60 28 minecraft:melon_stem[age=7] -> Could not set the block
rcon setblock 1 -60 28 minecraft:melon_stem[age=7] -> Could not set the block
rcon setblock 0 -60 27 minecraft:melon_stem[age=7] -> Could not set the block
rcon setblock 0 -60 29 minecraft:melon_stem[age=7] -> Could not set the block
rcon setblock -2 -60 28 minecraft:melon -> Could not set the block
rcon setblock 2 -60 28 minecraft:melon -> Could not set the block
rcon setblock 0 -60 26 minecraft:melon -> Could not set the block
rcon setblock 0 -60 30 minecraft:melon -> Could not set the block
rcon setblock -2 -60 26 minecraft:melon -> Could not set the block
rcon setblock -2 -60 30 minecraft:melon -> Could not set the block
rcon setblock 2 -60 26 minecraft:melon -> Could not set the block
rcon setblock 2 -60 30 minecraft:melon -> Could not set the block
LIFE {"arm": "a2", "life": 5, "chains": 1, "distant_collects": 1, "eats": 4, "first_eat": 9478, "satiated": false, "expressed": false, "drops_leg": false, "completions": 203, "false_completions": 131, "food_min": 4, "food_max": 12, "columns": 108, "reach": 12.4}
rcon setblock 5 -61 5 minecraft:water -> Changed the block at 5, -61, 5
rcon setblock 4 -61 4 minecraft:farmland[moisture=7] -> Changed the block at 4, -61, 4
rcon setblock 4 -61 5 minecraft:farmland[moisture=7] -> Could not set the block
rcon setblock 4 -61 6 minecraft:farmland[moisture=7] -> Changed the block at 4, -61, 6
rcon setblock 5 -61 4 minecraft:farmland[moisture=7] -> Changed the block at 5, -61, 4
rcon setblock 5 -61 6 minecraft:farmland[moisture=7] -> Could not set the block
rcon setblock 6 -61 4 minecraft:farmland[moisture=7] -> Changed the block at 6, -61, 4
rcon setblock 6 -61 5 minecraft:farmland[moisture=7] -> Changed the block at 6, -61, 5
rcon setblock 6 -61 6 minecraft:farmland[moisture=7] -> Changed the block at 6, -61, 6
rcon setblock 4 -60 5 minecraft:melon_stem[age=7] -> Could not set the block
rcon setblock 6 -60 5 minecraft:melon_stem[age=7] -> Changed the block at 6, -60, 5
rcon setblock 5 -60 4 minecraft:melon_stem[age=7] -> Changed the block at 5, -60, 4
rcon setblock 5 -60 6 minecraft:melon_stem[age=7] -> Could not set the block
rcon setblock 3 -60 5 minecraft:melon -> Could not set the block
rcon setblock 7 -60 5 minecraft:melon -> Changed the block at 7, -60, 5
rcon setblock 5 -60 3 minecraft:melon -> Changed the block at 5, -60, 3
rcon setblock 5 -60 7 minecraft:melon -> Could not set the block
rcon setblock 3 -60 3 minecraft:melon -> Could not set the block
rcon setblock 3 -60 7 minecraft:melon -> Could not set the block
rcon setblock 7 -60 3 minecraft:melon -> Could not set the block
rcon setblock 7 -60 7 minecraft:melon -> Could not set the block
rcon setblock 28 -61 0 minecraft:water -> Changed the block at 28, -61, 0
rcon setblock 27 -61 -1 minecraft:farmland[moisture=7] -> Changed the block at 27, -61, -1
rcon setblock 27 -61 0 minecraft:farmland[moisture=7] -> Could not set the block
rcon setblock 27 -61 1 minecraft:farmland[moisture=7] -> Changed the block at 27, -61, 1
rcon setblock 28 -61 -1 minecraft:farmland[moisture=7] -> Could not set the block
rcon setblock 28 -61 1 minecraft:farmland[moisture=7] -> Could not set the block
rcon setblock 29 -61 -1 minecraft:farmland[moisture=7] -> Changed the block at 29, -61, -1
rcon setblock 29 -61 0 minecraft:farmland[moisture=7] -> Could not set the block
rcon setblock 29 -61 1 minecraft:farmland[moisture=7] -> Changed the block at 29, -61, 1
rcon setblock 27 -60 0 minecraft:melon_stem[age=7] -> Could not set the block
rcon setblock 29 -60 0 minecraft:melon_stem[age=7] -> Could not set the block
rcon setblock 28 -60 -1 minecraft:melon_stem[age=7] -> Could not set the block
rcon setblock 28 -60 1 minecraft:melon_stem[age=7] -> Could not set the block
rcon setblock 26 -60 0 minecraft:melon -> Could not set the block
rcon setblock 30 -60 0 minecraft:melon -> Could not set the block
rcon setblock 28 -60 -2 minecraft:melon -> Could not set the block
rcon setblock 28 -60 2 minecraft:melon -> Could not set the block
rcon setblock 26 -60 -2 minecraft:melon -> Could not set the block
rcon setblock 26 -60 2 minecraft:melon -> Could not set the block
rcon setblock 30 -60 -2 minecraft:melon -> Could not set the block
rcon setblock 30 -60 2 minecraft:melon -> Could not set the block
rcon setblock 0 -61 28 minecraft:water -> Changed the block at 0, -61, 28
rcon setblock -1 -61 27 minecraft:farmland[moisture=7] -> Changed the block at -1, -61, 27
rcon setblock -1 -61 28 minecraft:farmland[moisture=7] -> Could not set the block
rcon setblock -1 -61 29 minecraft:farmland[moisture=7] -> Changed the block at -1, -61, 29
rcon setblock 0 -61 27 minecraft:farmland[moisture=7] -> Changed the block at 0, -61, 27
rcon setblock 0 -61 29 minecraft:farmland[moisture=7] -> Could not set the block
rcon setblock 1 -61 27 minecraft:farmland[moisture=7] -> Changed the block at 1, -61, 27
rcon setblock 1 -61 28 minecraft:farmland[moisture=7] -> Changed the block at 1, -61, 28
rcon setblock 1 -61 29 minecraft:farmland[moisture=7] -> Changed the block at 1, -61, 29
rcon setblock -1 -60 28 minecraft:melon_stem[age=7] -> Could not set the block
rcon setblock 1 -60 28 minecraft:melon_stem[age=7] -> Could not set the block
rcon setblock 0 -60 27 minecraft:melon_stem[age=7] -> Could not set the block
rcon setblock 0 -60 29 minecraft:melon_stem[age=7] -> Could not set the block
rcon setblock -2 -60 28 minecraft:melon -> Could not set the block
rcon setblock 2 -60 28 minecraft:melon -> Could not set the block
rcon setblock 0 -60 26 minecraft:melon -> Could not set the block
rcon setblock 0 -60 30 minecraft:melon -> Could not set the block
rcon setblock -2 -60 26 minecraft:melon -> Could not set the block
rcon setblock -2 -60 30 minecraft:melon -> Could not set the block
rcon setblock 2 -60 26 minecraft:melon -> Could not set the block
rcon setblock 2 -60 30 minecraft:melon -> Could not set the block
rcon setblock 5 -61 5 minecraft:water -> Could not set the block
rcon setblock 4 -61 4 minecraft:farmland[moisture=7] -> Changed the block at 4, -61, 4
rcon setblock 4 -61 5 minecraft:farmland[moisture=7] -> Could not set the block
rcon setblock 4 -61 6 minecraft:farmland[moisture=7] -> Changed the block at 4, -61, 6
rcon setblock 5 -61 4 minecraft:farmland[moisture=7] -> Could not set the block
rcon setblock 5 -61 6 minecraft:farmland[moisture=7] -> Could not set the block
rcon setblock 6 -61 4 minecraft:farmland[moisture=7] -> Could not set the block
rcon setblock 6 -61 5 minecraft:farmland[moisture=7] -> Could not set the block
rcon setblock 6 -61 6 minecraft:farmland[moisture=7] -> Changed the block at 6, -61, 6
rcon setblock 4 -60 5 minecraft:melon_stem[age=7] -> Could not set the block
rcon setblock 6 -60 5 minecraft:melon_stem[age=7] -> Could not set the block
rcon setblock 5 -60 4 minecraft:melon_stem[age=7] -> Could not set the block
rcon setblock 5 -60 6 minecraft:melon_stem[age=7] -> Could not set the block
rcon setblock 3 -60 5 minecraft:melon -> Could not set the block
rcon setblock 7 -60 5 minecraft:melon -> Could not set the block
rcon setblock 5 -60 3 minecraft:melon -> Could not set the block
rcon setblock 5 -60 7 minecraft:melon -> Could not set the block
rcon setblock 3 -60 3 minecraft:melon -> Could not set the block
rcon setblock 3 -60 7 minecraft:melon -> Could not set the block
rcon setblock 7 -60 3 minecraft:melon -> Could not set the block
rcon setblock 7 -60 7 minecraft:melon -> Could not set the block
rcon setblock 28 -61 0 minecraft:water -> Could not set the block
rcon setblock 27 -61 -1 minecraft:farmland[moisture=7] -> Changed the block at 27, -61, -1
rcon setblock 27 -61 0 minecraft:farmland[moisture=7] -> Could not set the block
rcon setblock 27 -61 1 minecraft:farmland[moisture=7] -> Changed the block at 27, -61, 1
rcon setblock 28 -61 -1 minecraft:farmland[moisture=7] -> Could not set the block
rcon setblock 28 -61 1 minecraft:farmland[moisture=7] -> Could not set the block
rcon setblock 29 -61 -1 minecraft:farmland[moisture=7] -> Changed the block at 29, -61, -1
rcon setblock 29 -61 0 minecraft:farmland[moisture=7] -> Could not set the block
rcon setblock 29 -61 1 minecraft:farmland[moisture=7] -> Changed the block at 29, -61, 1
rcon setblock 27 -60 0 minecraft:melon_stem[age=7] -> Could not set the block
rcon setblock 29 -60 0 minecraft:melon_stem[age=7] -> Could not set the block
rcon setblock 28 -60 -1 minecraft:melon_stem[age=7] -> Could not set the block
rcon setblock 28 -60 1 minecraft:melon_stem[age=7] -> Could not set the block
rcon setblock 26 -60 0 minecraft:melon -> Could not set the block
rcon setblock 30 -60 0 minecraft:melon -> Could not set the block
rcon setblock 28 -60 -2 minecraft:melon -> Could not set the block
rcon setblock 28 -60 2 minecraft:melon -> Could not set the block
rcon setblock 26 -60 -2 minecraft:melon -> Could not set the block
rcon setblock 26 -60 2 minecraft:melon -> Could not set the block
rcon setblock 30 -60 -2 minecraft:melon -> Could not set the block
rcon setblock 30 -60 2 minecraft:melon -> Could not set the block
rcon setblock 0 -61 28 minecraft:water -> Could not set the block
rcon setblock -1 -61 27 minecraft:farmland[moisture=7] -> Changed the block at -1, -61, 27
rcon setblock -1 -61 28 minecraft:farmland[moisture=7] -> Could not set the block
rcon setblock -1 -61 29 minecraft:farmland[moisture=7] -> Changed the block at -1, -61, 29
rcon setblock 0 -61 27 minecraft:farmland[moisture=7] -> Could not set the block
rcon setblock 0 -61 29 minecraft:farmland[moisture=7] -> Could not set the block
rcon setblock 1 -61 27 minecraft:farmland[moisture=7] -> Changed the block at 1, -61, 27
rcon setblock 1 -61 28 minecraft:farmland[moisture=7] -> Could not set the block
rcon setblock 1 -61 29 minecraft:farmland[moisture=7] -> Changed the block at 1, -61, 29
rcon setblock -1 -60 28 minecraft:melon_stem[age=7] -> Could not set the block
rcon setblock 1 -60 28 minecraft:melon_stem[age=7] -> Could not set the block
rcon setblock 0 -60 27 minecraft:melon_stem[age=7] -> Could not set the block
rcon setblock 0 -60 29 minecraft:melon_stem[age=7] -> Could not set the block
rcon setblock -2 -60 28 minecraft:melon -> Could not set the block
rcon setblock 2 -60 28 minecraft:melon -> Could not set the block
rcon setblock 0 -60 26 minecraft:melon -> Could not set the block
rcon setblock 0 -60 30 minecraft:melon -> Could not set the block
rcon setblock -2 -60 26 minecraft:melon -> Could not set the block
rcon setblock -2 -60 30 minecraft:melon -> Could not set the block
rcon setblock 2 -60 26 minecraft:melon -> Could not set the block
rcon setblock 2 -60 30 minecraft:melon -> Could not set the block
LIFE {"arm": "a2", "life": 6, "chains": 0, "distant_collects": 0, "eats": 0, "first_eat": null, "satiated": false, "expressed": false, "drops_leg": false, "completions": 196, "false_completions": 131, "food_min": 4, "food_max": 8, "columns": 93, "reach": 10.9}
A2_ARM_COMPLETE
world: Set the target tick rate to 100.0 per second
rcon setblock 5 -61 5 minecraft:water -> Changed the block at 5, -61, 5
rcon setblock 4 -61 4 minecraft:farmland[moisture=7] -> Changed the block at 4, -61, 4
rcon setblock 4 -61 5 minecraft:farmland[moisture=7] -> Could not set the block
rcon setblock 4 -61 6 minecraft:farmland[moisture=7] -> Changed the block at 4, -61, 6
rcon setblock 5 -61 4 minecraft:farmland[moisture=7] -> Could not set the block
rcon setblock 5 -61 6 minecraft:farmland[moisture=7] -> Could not set the block
rcon setblock 6 -61 4 minecraft:farmland[moisture=7] -> Changed the block at 6, -61, 4
rcon setblock 6 -61 5 minecraft:farmland[moisture=7] -> Could not set the block
rcon setblock 6 -61 6 minecraft:farmland[moisture=7] -> Changed the block at 6, -61, 6
rcon setblock 4 -60 5 minecraft:melon_stem[age=7] -> Could not set the block
rcon setblock 6 -60 5 minecraft:melon_stem[age=7] -> Changed the block at 6, -60, 5
rcon setblock 5 -60 4 minecraft:melon_stem[age=7] -> Changed the block at 5, -60, 4
rcon setblock 5 -60 6 minecraft:melon_stem[age=7] -> Could not set the block
rcon setblock 3 -60 5 minecraft:melon -> Could not set the block
rcon setblock 7 -60 5 minecraft:melon -> Could not set the block
rcon setblock 5 -60 3 minecraft:melon -> Changed the block at 5, -60, 3
rcon setblock 5 -60 7 minecraft:melon -> Could not set the block
rcon setblock 3 -60 3 minecraft:melon -> Could not set the block
rcon setblock 3 -60 7 minecraft:melon -> Could not set the block
rcon setblock 7 -60 3 minecraft:melon -> Could not set the block
rcon setblock 7 -60 7 minecraft:melon -> Could not set the block
rcon setblock 28 -61 0 minecraft:water -> Changed the block at 28, -61, 0
rcon setblock 27 -61 -1 minecraft:farmland[moisture=7] -> Changed the block at 27, -61, -1
rcon setblock 27 -61 0 minecraft:farmland[moisture=7] -> Could not set the block
rcon setblock 27 -61 1 minecraft:farmland[moisture=7] -> Changed the block at 27, -61, 1
rcon setblock 28 -61 -1 minecraft:farmland[moisture=7] -> Could not set the block
rcon setblock 28 -61 1 minecraft:farmland[moisture=7] -> Could not set the block
rcon setblock 29 -61 -1 minecraft:farmland[moisture=7] -> Changed the block at 29, -61, -1
rcon setblock 29 -61 0 minecraft:farmland[moisture=7] -> Could not set the block
rcon setblock 29 -61 1 minecraft:farmland[moisture=7] -> Changed the block at 29, -61, 1
rcon setblock 27 -60 0 minecraft:melon_stem[age=7] -> Could not set the block
rcon setblock 29 -60 0 minecraft:melon_stem[age=7] -> Could not set the block
rcon setblock 28 -60 -1 minecraft:melon_stem[age=7] -> Could not set the block
rcon setblock 28 -60 1 minecraft:melon_stem[age=7] -> Could not set the block
rcon setblock 26 -60 0 minecraft:melon -> Could not set the block
rcon setblock 30 -60 0 minecraft:melon -> Could not set the block
rcon setblock 28 -60 -2 minecraft:melon -> Could not set the block
rcon setblock 28 -60 2 minecraft:melon -> Could not set the block
rcon setblock 26 -60 -2 minecraft:melon -> Could not set the block
rcon setblock 26 -60 2 minecraft:melon -> Could not set the block
rcon setblock 30 -60 -2 minecraft:melon -> Could not set the block
rcon setblock 30 -60 2 minecraft:melon -> Could not set the block
rcon setblock 0 -61 28 minecraft:water -> Changed the block at 0, -61, 28
rcon setblock -1 -61 27 minecraft:farmland[moisture=7] -> Changed the block at -1, -61, 27
rcon setblock -1 -61 28 minecraft:farmland[moisture=7] -> Could not set the block
rcon setblock -1 -61 29 minecraft:farmland[moisture=7] -> Changed the block at -1, -61, 29
rcon setblock 0 -61 27 minecraft:farmland[moisture=7] -> Could not set the block
rcon setblock 0 -61 29 minecraft:farmland[moisture=7] -> Could not set the block
rcon setblock 1 -61 27 minecraft:farmland[moisture=7] -> Changed the block at 1, -61, 27
rcon setblock 1 -61 28 minecraft:farmland[moisture=7] -> Could not set the block
rcon setblock 1 -61 29 minecraft:farmland[moisture=7] -> Changed the block at 1, -61, 29
rcon setblock -1 -60 28 minecraft:melon_stem[age=7] -> Could not set the block
rcon setblock 1 -60 28 minecraft:melon_stem[age=7] -> Could not set the block
rcon setblock 0 -60 27 minecraft:melon_stem[age=7] -> Could not set the block
rcon setblock 0 -60 29 minecraft:melon_stem[age=7] -> Could not set the block
rcon setblock -2 -60 28 minecraft:melon -> Could not set the block
rcon setblock 2 -60 28 minecraft:melon -> Could not set the block
rcon setblock 0 -60 26 minecraft:melon -> Could not set the block
rcon setblock 0 -60 30 minecraft:melon -> Could not set the block
rcon setblock -2 -60 26 minecraft:melon -> Could not set the block
rcon setblock -2 -60 30 minecraft:melon -> Could not set the block
rcon setblock 2 -60 26 minecraft:melon -> Could not set the block
rcon setblock 2 -60 30 minecraft:melon -> Could not set the block
rcon setblock 5 -61 5 minecraft:water -> Could not set the block
rcon setblock 4 -61 4 minecraft:farmland[moisture=7] -> Changed the block at 4, -61, 4
rcon setblock 4 -61 5 minecraft:farmland[moisture=7] -> Could not set the block
rcon setblock 4 -61 6 minecraft:farmland[moisture=7] -> Changed the block at 4, -61, 6
rcon setblock 5 -61 4 minecraft:farmland[moisture=7] -> Could not set the block
rcon setblock 5 -61 6 minecraft:farmland[moisture=7] -> Could not set the block
rcon setblock 6 -61 4 minecraft:farmland[moisture=7] -> Changed the block at 6, -61, 4
rcon setblock 6 -61 5 minecraft:farmland[moisture=7] -> Could not set the block
rcon setblock 6 -61 6 minecraft:farmland[moisture=7] -> Changed the block at 6, -61, 6
rcon setblock 4 -60 5 minecraft:melon_stem[age=7] -> Could not set the block
rcon setblock 6 -60 5 minecraft:melon_stem[age=7] -> Could not set the block
rcon setblock 5 -60 4 minecraft:melon_stem[age=7] -> Could not set the block
rcon setblock 5 -60 6 minecraft:melon_stem[age=7] -> Could not set the block
rcon setblock 3 -60 5 minecraft:melon -> Could not set the block
rcon setblock 7 -60 5 minecraft:melon -> Could not set the block
rcon setblock 5 -60 3 minecraft:melon -> Could not set the block
rcon setblock 5 -60 7 minecraft:melon -> Could not set the block
rcon setblock 3 -60 3 minecraft:melon -> Could not set the block
rcon setblock 3 -60 7 minecraft:melon -> Could not set the block
rcon setblock 7 -60 3 minecraft:melon -> Could not set the block
rcon setblock 7 -60 7 minecraft:melon -> Could not set the block
rcon setblock 28 -61 0 minecraft:water -> Could not set the block
rcon setblock 27 -61 -1 minecraft:farmland[moisture=7] -> Changed the block at 27, -61, -1
rcon setblock 27 -61 0 minecraft:farmland[moisture=7] -> Could not set the block
rcon setblock 27 -61 1 minecraft:farmland[moisture=7] -> Changed the block at 27, -61, 1
rcon setblock 28 -61 -1 minecraft:farmland[moisture=7] -> Could not set the block
rcon setblock 28 -61 1 minecraft:farmland[moisture=7] -> Could not set the block
rcon setblock 29 -61 -1 minecraft:farmland[moisture=7] -> Changed the block at 29, -61, -1
rcon setblock 29 -61 0 minecraft:farmland[moisture=7] -> Could not set the block
rcon setblock 29 -61 1 minecraft:farmland[moisture=7] -> Changed the block at 29, -61, 1
rcon setblock 27 -60 0 minecraft:melon_stem[age=7] -> Could not set the block
rcon setblock 29 -60 0 minecraft:melon_stem[age=7] -> Could not set the block
rcon setblock 28 -60 -1 minecraft:melon_stem[age=7] -> Could not set the block
rcon setblock 28 -60 1 minecraft:melon_stem[age=7] -> Could not set the block
rcon setblock 26 -60 0 minecraft:melon -> Could not set the block
rcon setblock 30 -60 0 minecraft:melon -> Could not set the block
rcon setblock 28 -60 -2 minecraft:melon -> Could not set the block
rcon setblock 28 -60 2 minecraft:melon -> Could not set the block
rcon setblock 26 -60 -2 minecraft:melon -> Could not set the block
rcon setblock 26 -60 2 minecraft:melon -> Could not set the block
rcon setblock 30 -60 -2 minecraft:melon -> Could not set the block
rcon setblock 30 -60 2 minecraft:melon -> Could not set the block
rcon setblock 0 -61 28 minecraft:water -> Could not set the block
rcon setblock -1 -61 27 minecraft:farmland[moisture=7] -> Changed the block at -1, -61, 27
rcon setblock -1 -61 28 minecraft:farmland[moisture=7] -> Could not set the block
rcon setblock -1 -61 29 minecraft:farmland[moisture=7] -> Changed the block at -1, -61, 29
rcon setblock 0 -61 27 minecraft:farmland[moisture=7] -> Could not set the block
rcon setblock 0 -61 29 minecraft:farmland[moisture=7] -> Could not set the block
rcon setblock 1 -61 27 minecraft:farmland[moisture=7] -> Changed the block at 1, -61, 27
rcon setblock 1 -61 28 minecraft:farmland[moisture=7] -> Could not set the block
rcon setblock 1 -61 29 minecraft:farmland[moisture=7] -> Changed the block at 1, -61, 29
rcon setblock -1 -60 28 minecraft:melon_stem[age=7] -> Could not set the block
rcon setblock 1 -60 28 minecraft:melon_stem[age=7] -> Could not set the block
rcon setblock 0 -60 27 minecraft:melon_stem[age=7] -> Could not set the block
rcon setblock 0 -60 29 minecraft:melon_stem[age=7] -> Could not set the block
rcon setblock -2 -60 28 minecraft:melon -> Could not set the block
rcon setblock 2 -60 28 minecraft:melon -> Could not set the block
rcon setblock 0 -60 26 minecraft:melon -> Could not set the block
rcon setblock 0 -60 30 minecraft:melon -> Could not set the block
rcon setblock -2 -60 26 minecraft:melon -> Could not set the block
rcon setblock -2 -60 30 minecraft:melon -> Could not set the block
rcon setblock 2 -60 26 minecraft:melon -> Could not set the block
rcon setblock 2 -60 30 minecraft:melon -> Could not set the block
LIFE {"arm": "a3", "life": 1, "chains": 0, "distant_collects": 1, "eats": 3, "first_eat": 5038, "satiated": false, "expressed": false, "drops_leg": false, "completions": 94, "false_completions": 68, "food_min": 6, "food_max": 12, "columns": 119, "reach": 12.3}
rcon setblock 5 -61 5 minecraft:water -> Changed the block at 5, -61, 5
rcon setblock 4 -61 4 minecraft:farmland[moisture=7] -> Changed the block at 4, -61, 4
rcon setblock 4 -61 5 minecraft:farmland[moisture=7] -> Could not set the block
rcon setblock 4 -61 6 minecraft:farmland[moisture=7] -> Changed the block at 4, -61, 6
rcon setblock 5 -61 4 minecraft:farmland[moisture=7] -> Changed the block at 5, -61, 4
rcon setblock 5 -61 6 minecraft:farmland[moisture=7] -> Could not set the block
rcon setblock 6 -61 4 minecraft:farmland[moisture=7] -> Changed the block at 6, -61, 4
rcon setblock 6 -61 5 minecraft:farmland[moisture=7] -> Changed the block at 6, -61, 5
rcon setblock 6 -61 6 minecraft:farmland[moisture=7] -> Changed the block at 6, -61, 6
rcon setblock 4 -60 5 minecraft:melon_stem[age=7] -> Changed the block at 4, -60, 5
rcon setblock 6 -60 5 minecraft:melon_stem[age=7] -> Changed the block at 6, -60, 5
rcon setblock 5 -60 4 minecraft:melon_stem[age=7] -> Changed the block at 5, -60, 4
rcon setblock 5 -60 6 minecraft:melon_stem[age=7] -> Changed the block at 5, -60, 6
rcon setblock 3 -60 5 minecraft:melon -> Could not set the block
rcon setblock 7 -60 5 minecraft:melon -> Could not set the block
rcon setblock 5 -60 3 minecraft:melon -> Changed the block at 5, -60, 3
rcon setblock 5 -60 7 minecraft:melon -> Could not set the block
rcon setblock 3 -60 3 minecraft:melon -> Could not set the block
rcon setblock 3 -60 7 minecraft:melon -> Could not set the block
rcon setblock 7 -60 3 minecraft:melon -> Could not set the block
rcon setblock 7 -60 7 minecraft:melon -> Could not set the block
rcon setblock 28 -61 0 minecraft:water -> Changed the block at 28, -61, 0
rcon setblock 27 -61 -1 minecraft:farmland[moisture=7] -> Changed the block at 27, -61, -1
rcon setblock 27 -61 0 minecraft:farmland[moisture=7] -> Could not set the block
rcon setblock 27 -61 1 minecraft:farmland[moisture=7] -> Changed the block at 27, -61, 1
rcon setblock 28 -61 -1 minecraft:farmland[moisture=7] -> Could not set the block
rcon setblock 28 -61 1 minecraft:farmland[moisture=7] -> Changed the block at 28, -61, 1
rcon setblock 29 -61 -1 minecraft:farmland[moisture=7] -> Changed the block at 29, -61, -1
rcon setblock 29 -61 0 minecraft:farmland[moisture=7] -> Could not set the block
rcon setblock 29 -61 1 minecraft:farmland[moisture=7] -> Changed the block at 29, -61, 1
rcon setblock 27 -60 0 minecraft:melon_stem[age=7] -> Could not set the block
rcon setblock 29 -60 0 minecraft:melon_stem[age=7] -> Could not set the block
rcon setblock 28 -60 -1 minecraft:melon_stem[age=7] -> Could not set the block
rcon setblock 28 -60 1 minecraft:melon_stem[age=7] -> Could not set the block
rcon setblock 26 -60 0 minecraft:melon -> Could not set the block
rcon setblock 30 -60 0 minecraft:melon -> Could not set the block
rcon setblock 28 -60 -2 minecraft:melon -> Could not set the block
rcon setblock 28 -60 2 minecraft:melon -> Could not set the block
rcon setblock 26 -60 -2 minecraft:melon -> Could not set the block
rcon setblock 26 -60 2 minecraft:melon -> Could not set the block
rcon setblock 30 -60 -2 minecraft:melon -> Could not set the block
rcon setblock 30 -60 2 minecraft:melon -> Could not set the block
rcon setblock 0 -61 28 minecraft:water -> Changed the block at 0, -61, 28
rcon setblock -1 -61 27 minecraft:farmland[moisture=7] -> Changed the block at -1, -61, 27
rcon setblock -1 -61 28 minecraft:farmland[moisture=7] -> Could not set the block
rcon setblock -1 -61 29 minecraft:farmland[moisture=7] -> Changed the block at -1, -61, 29
rcon setblock 0 -61 27 minecraft:farmland[moisture=7] -> Could not set the block
rcon setblock 0 -61 29 minecraft:farmland[moisture=7] -> Could not set the block
rcon setblock 1 -61 27 minecraft:farmland[moisture=7] -> Changed the block at 1, -61, 27
rcon setblock 1 -61 28 minecraft:farmland[moisture=7] -> Could not set the block
rcon setblock 1 -61 29 minecraft:farmland[moisture=7] -> Changed the block at 1, -61, 29
rcon setblock -1 -60 28 minecraft:melon_stem[age=7] -> Could not set the block
rcon setblock 1 -60 28 minecraft:melon_stem[age=7] -> Could not set the block
rcon setblock 0 -60 27 minecraft:melon_stem[age=7] -> Could not set the block
rcon setblock 0 -60 29 minecraft:melon_stem[age=7] -> Could not set the block
rcon setblock -2 -60 28 minecraft:melon -> Could not set the block
rcon setblock 2 -60 28 minecraft:melon -> Could not set the block
rcon setblock 0 -60 26 minecraft:melon -> Could not set the block
rcon setblock 0 -60 30 minecraft:melon -> Could not set the block
rcon setblock -2 -60 26 minecraft:melon -> Could not set the block
rcon setblock -2 -60 30 minecraft:melon -> Could not set the block
rcon setblock 2 -60 26 minecraft:melon -> Could not set the block
rcon setblock 2 -60 30 minecraft:melon -> Could not set the block
rcon setblock 5 -61 5 minecraft:water -> Could not set the block
rcon setblock 4 -61 4 minecraft:farmland[moisture=7] -> Could not set the block
rcon setblock 4 -61 5 minecraft:farmland[moisture=7] -> Could not set the block
rcon setblock 4 -61 6 minecraft:farmland[moisture=7] -> Changed the block at 4, -61, 6
rcon setblock 5 -61 4 minecraft:farmland[moisture=7] -> Could not set the block
rcon setblock 5 -61 6 minecraft:farmland[moisture=7] -> Could not set the block
rcon setblock 6 -61 4 minecraft:farmland[moisture=7] -> Changed the block at 6, -61, 4
rcon setblock 6 -61 5 minecraft:farmland[moisture=7] -> Could not set the block
rcon setblock 6 -61 6 minecraft:farmland[moisture=7] -> Changed the block at 6, -61, 6
rcon setblock 4 -60 5 minecraft:melon_stem[age=7] -> Could not set the block
rcon setblock 6 -60 5 minecraft:melon_stem[age=7] -> Could not set the block
rcon setblock 5 -60 4 minecraft:melon_stem[age=7] -> Could not set the block
rcon setblock 5 -60 6 minecraft:melon_stem[age=7] -> Could not set the block
rcon setblock 3 -60 5 minecraft:melon -> Could not set the block
rcon setblock 7 -60 5 minecraft:melon -> Could not set the block
rcon setblock 5 -60 3 minecraft:melon -> Could not set the block
rcon setblock 5 -60 7 minecraft:melon -> Could not set the block
rcon setblock 3 -60 3 minecraft:melon -> Could not set the block
rcon setblock 3 -60 7 minecraft:melon -> Could not set the block
rcon setblock 7 -60 3 minecraft:melon -> Could not set the block
rcon setblock 7 -60 7 minecraft:melon -> Could not set the block
rcon setblock 28 -61 0 minecraft:water -> Could not set the block
rcon setblock 27 -61 -1 minecraft:farmland[moisture=7] -> Changed the block at 27, -61, -1
rcon setblock 27 -61 0 minecraft:farmland[moisture=7] -> Could not set the block
rcon setblock 27 -61 1 minecraft:farmland[moisture=7] -> Changed the block at 27, -61, 1
rcon setblock 28 -61 -1 minecraft:farmland[moisture=7] -> Could not set the block
rcon setblock 28 -61 1 minecraft:farmland[moisture=7] -> Could not set the block
rcon setblock 29 -61 -1 minecraft:farmland[moisture=7] -> Changed the block at 29, -61, -1
rcon setblock 29 -61 0 minecraft:farmland[moisture=7] -> Could not set the block
rcon setblock 29 -61 1 minecraft:farmland[moisture=7] -> Changed the block at 29, -61, 1
rcon setblock 27 -60 0 minecraft:melon_stem[age=7] -> Could not set the block
rcon setblock 29 -60 0 minecraft:melon_stem[age=7] -> Could not set the block
rcon setblock 28 -60 -1 minecraft:melon_stem[age=7] -> Could not set the block
rcon setblock 28 -60 1 minecraft:melon_stem[age=7] -> Could not set the block
rcon setblock 26 -60 0 minecraft:melon -> Could not set the block
rcon setblock 30 -60 0 minecraft:melon -> Could not set the block
rcon setblock 28 -60 -2 minecraft:melon -> Could not set the block
rcon setblock 28 -60 2 minecraft:melon -> Could not set the block
rcon setblock 26 -60 -2 minecraft:melon -> Could not set the block
rcon setblock 26 -60 2 minecraft:melon -> Could not set the block
rcon setblock 30 -60 -2 minecraft:melon -> Could not set the block
rcon setblock 30 -60 2 minecraft:melon -> Could not set the block
rcon setblock 0 -61 28 minecraft:water -> Could not set the block
rcon setblock -1 -61 27 minecraft:farmland[moisture=7] -> Changed the block at -1, -61, 27
rcon setblock -1 -61 28 minecraft:farmland[moisture=7] -> Could not set the block
rcon setblock -1 -61 29 minecraft:farmland[moisture=7] -> Changed the block at -1, -61, 29
rcon setblock 0 -61 27 minecraft:farmland[moisture=7] -> Could not set the block
rcon setblock 0 -61 29 minecraft:farmland[moisture=7] -> Could not set the block
rcon setblock 1 -61 27 minecraft:farmland[moisture=7] -> Changed the block at 1, -61, 27
rcon setblock 1 -61 28 minecraft:farmland[moisture=7] -> Could not set the block
rcon setblock 1 -61 29 minecraft:farmland[moisture=7] -> Changed the block at 1, -61, 29
rcon setblock -1 -60 28 minecraft:melon_stem[age=7] -> Could not set the block
rcon setblock 1 -60 28 minecraft:melon_stem[age=7] -> Could not set the block
rcon setblock 0 -60 27 minecraft:melon_stem[age=7] -> Could not set the block
rcon setblock 0 -60 29 minecraft:melon_stem[age=7] -> Could not set the block
rcon setblock -2 -60 28 minecraft:melon -> Could not set the block
rcon setblock 2 -60 28 minecraft:melon -> Could not set the block
rcon setblock 0 -60 26 minecraft:melon -> Could not set the block
rcon setblock 0 -60 30 minecraft:melon -> Could not set the block
rcon setblock -2 -60 26 minecraft:melon -> Could not set the block
rcon setblock -2 -60 30 minecraft:melon -> Could not set the block
rcon setblock 2 -60 26 minecraft:melon -> Could not set the block
rcon setblock 2 -60 30 minecraft:melon -> Could not set the block
LIFE {"arm": "a3", "life": 2, "chains": 0, "distant_collects": 0, "eats": 4, "first_eat": 1771, "satiated": false, "expressed": false, "drops_leg": false, "completions": 133, "false_completions": 90, "food_min": 7, "food_max": 15, "columns": 129, "reach": 11.4}
rcon setblock 5 -61 5 minecraft:water -> Changed the block at 5, -61, 5
rcon setblock 4 -61 4 minecraft:farmland[moisture=7] -> Changed the block at 4, -61, 4
rcon setblock 4 -61 5 minecraft:farmland[moisture=7] -> Could not set the block
rcon setblock 4 -61 6 minecraft:farmland[moisture=7] -> Changed the block at 4, -61, 6
rcon setblock 5 -61 4 minecraft:farmland[moisture=7] -> Changed the block at 5, -61, 4
rcon setblock 5 -61 6 minecraft:farmland[moisture=7] -> Could not set the block
rcon setblock 6 -61 4 minecraft:farmland[moisture=7] -> Changed the block at 6, -61, 4
rcon setblock 6 -61 5 minecraft:farmland[moisture=7] -> Changed the block at 6, -61, 5
rcon setblock 6 -61 6 minecraft:farmland[moisture=7] -> Changed the block at 6, -61, 6
rcon setblock 4 -60 5 minecraft:melon_stem[age=7] -> Changed the block at 4, -60, 5
rcon setblock 6 -60 5 minecraft:melon_stem[age=7] -> Changed the block at 6, -60, 5
rcon setblock 5 -60 4 minecraft:melon_stem[age=7] -> Changed the block at 5, -60, 4
rcon setblock 5 -60 6 minecraft:melon_stem[age=7] -> Could not set the block
rcon setblock 3 -60 5 minecraft:melon -> Could not set the block
rcon setblock 7 -60 5 minecraft:melon -> Could not set the block
rcon setblock 5 -60 3 minecraft:melon -> Changed the block at 5, -60, 3
rcon setblock 5 -60 7 minecraft:melon -> Could not set the block
rcon setblock 3 -60 3 minecraft:melon -> Could not set the block
rcon setblock 3 -60 7 minecraft:melon -> Could not set the block
rcon setblock 7 -60 3 minecraft:melon -> Changed the block at 7, -60, 3
rcon setblock 7 -60 7 minecraft:melon -> Could not set the block
rcon setblock 28 -61 0 minecraft:water -> Changed the block at 28, -61, 0
rcon setblock 27 -61 -1 minecraft:farmland[moisture=7] -> Changed the block at 27, -61, -1
rcon setblock 27 -61 0 minecraft:farmland[moisture=7] -> Could not set the block
rcon setblock 27 -61 1 minecraft:farmland[moisture=7] -> Changed the block at 27, -61, 1
rcon setblock 28 -61 -1 minecraft:farmland[moisture=7] -> Could not set the block
rcon setblock 28 -61 1 minecraft:farmland[moisture=7] -> Could not set the block
rcon setblock 29 -61 -1 minecraft:farmland[moisture=7] -> Changed the block at 29, -61, -1
rcon setblock 29 -61 0 minecraft:farmland[moisture=7] -> Could not set the block
rcon setblock 29 -61 1 minecraft:farmland[moisture=7] -> Changed the block at 29, -61, 1
rcon setblock 27 -60 0 minecraft:melon_stem[age=7] -> Could not set the block
rcon setblock 29 -60 0 minecraft:melon_stem[age=7] -> Could not set the block
rcon setblock 28 -60 -1 minecraft:melon_stem[age=7] -> Could not set the block
rcon setblock 28 -60 1 minecraft:melon_stem[age=7] -> Could not set the block
rcon setblock 26 -60 0 minecraft:melon -> Could not set the block
rcon setblock 30 -60 0 minecraft:melon -> Could not set the block
rcon setblock 28 -60 -2 minecraft:melon -> Could not set the block
rcon setblock 28 -60 2 minecraft:melon -> Could not set the block
rcon setblock 26 -60 -2 minecraft:melon -> Could not set the block
rcon setblock 26 -60 2 minecraft:melon -> Could not set the block
rcon setblock 30 -60 -2 minecraft:melon -> Could not set the block
rcon setblock 30 -60 2 minecraft:melon -> Could not set the block
rcon setblock 0 -61 28 minecraft:water -> Changed the block at 0, -61, 28
rcon setblock -1 -61 27 minecraft:farmland[moisture=7] -> Changed the block at -1, -61, 27
rcon setblock -1 -61 28 minecraft:farmland[moisture=7] -> Could not set the block
rcon setblock -1 -61 29 minecraft:farmland[moisture=7] -> Changed the block at -1, -61, 29
rcon setblock 0 -61 27 minecraft:farmland[moisture=7] -> Could not set the block
rcon setblock 0 -61 29 minecraft:farmland[moisture=7] -> Could not set the block
rcon setblock 1 -61 27 minecraft:farmland[moisture=7] -> Changed the block at 1, -61, 27
rcon setblock 1 -61 28 minecraft:farmland[moisture=7] -> Could not set the block
rcon setblock 1 -61 29 minecraft:farmland[moisture=7] -> Changed the block at 1, -61, 29
rcon setblock -1 -60 28 minecraft:melon_stem[age=7] -> Could not set the block
rcon setblock 1 -60 28 minecraft:melon_stem[age=7] -> Could not set the block
rcon setblock 0 -60 27 minecraft:melon_stem[age=7] -> Could not set the block
rcon setblock 0 -60 29 minecraft:melon_stem[age=7] -> Could not set the block
rcon setblock -2 -60 28 minecraft:melon -> Could not set the block
rcon setblock 2 -60 28 minecraft:melon -> Could not set the block
rcon setblock 0 -60 26 minecraft:melon -> Could not set the block
rcon setblock 0 -60 30 minecraft:melon -> Could not set the block
rcon setblock -2 -60 26 minecraft:melon -> Could not set the block
rcon setblock -2 -60 30 minecraft:melon -> Could not set the block
rcon setblock 2 -60 26 minecraft:melon -> Could not set the block
rcon setblock 2 -60 30 minecraft:melon -> Could not set the block
rcon setblock 5 -61 5 minecraft:water -> Could not set the block
rcon setblock 4 -61 4 minecraft:farmland[moisture=7] -> Changed the block at 4, -61, 4
rcon setblock 4 -61 5 minecraft:farmland[moisture=7] -> Could not set the block
rcon setblock 4 -61 6 minecraft:farmland[moisture=7] -> Changed the block at 4, -61, 6
rcon setblock 5 -61 4 minecraft:farmland[moisture=7] -> Could not set the block
rcon setblock 5 -61 6 minecraft:farmland[moisture=7] -> Could not set the block
rcon setblock 6 -61 4 minecraft:farmland[moisture=7] -> Changed the block at 6, -61, 4
rcon setblock 6 -61 5 minecraft:farmland[moisture=7] -> Could not set the block
rcon setblock 6 -61 6 minecraft:farmland[moisture=7] -> Changed the block at 6, -61, 6
rcon setblock 4 -60 5 minecraft:melon_stem[age=7] -> Could not set the block
rcon setblock 6 -60 5 minecraft:melon_stem[age=7] -> Could not set the block
rcon setblock 5 -60 4 minecraft:melon_stem[age=7] -> Could not set the block
rcon setblock 5 -60 6 minecraft:melon_stem[age=7] -> Could not set the block
rcon setblock 3 -60 5 minecraft:melon -> Could not set the block
rcon setblock 7 -60 5 minecraft:melon -> Could not set the block
rcon setblock 5 -60 3 minecraft:melon -> Could not set the block
rcon setblock 5 -60 7 minecraft:melon -> Could not set the block
rcon setblock 3 -60 3 minecraft:melon -> Could not set the block
rcon setblock 3 -60 7 minecraft:melon -> Could not set the block
rcon setblock 7 -60 3 minecraft:melon -> Could not set the block
rcon setblock 7 -60 7 minecraft:melon -> Could not set the block
rcon setblock 28 -61 0 minecraft:water -> Could not set the block
rcon setblock 27 -61 -1 minecraft:farmland[moisture=7] -> Changed the block at 27, -61, -1
rcon setblock 27 -61 0 minecraft:farmland[moisture=7] -> Could not set the block
rcon setblock 27 -61 1 minecraft:farmland[moisture=7] -> Changed the block at 27, -61, 1
rcon setblock 28 -61 -1 minecraft:farmland[moisture=7] -> Could not set the block
rcon setblock 28 -61 1 minecraft:farmland[moisture=7] -> Could not set the block
rcon setblock 29 -61 -1 minecraft:farmland[moisture=7] -> Changed the block at 29, -61, -1
rcon setblock 29 -61 0 minecraft:farmland[moisture=7] -> Could not set the block
rcon setblock 29 -61 1 minecraft:farmland[moisture=7] -> Changed the block at 29, -61, 1
rcon setblock 27 -60 0 minecraft:melon_stem[age=7] -> Could not set the block
rcon setblock 29 -60 0 minecraft:melon_stem[age=7] -> Could not set the block
rcon setblock 28 -60 -1 minecraft:melon_stem[age=7] -> Could not set the block
rcon setblock 28 -60 1 minecraft:melon_stem[age=7] -> Could not set the block
rcon setblock 26 -60 0 minecraft:melon -> Could not set the block
rcon setblock 30 -60 0 minecraft:melon -> Could not set the block
rcon setblock 28 -60 -2 minecraft:melon -> Could not set the block
rcon setblock 28 -60 2 minecraft:melon -> Could not set the block
rcon setblock 26 -60 -2 minecraft:melon -> Could not set the block
rcon setblock 26 -60 2 minecraft:melon -> Could not set the block
rcon setblock 30 -60 -2 minecraft:melon -> Could not set the block
rcon setblock 30 -60 2 minecraft:melon -> Could not set the block
rcon setblock 0 -61 28 minecraft:water -> Could not set the block
rcon setblock -1 -61 27 minecraft:farmland[moisture=7] -> Changed the block at -1, -61, 27
rcon setblock -1 -61 28 minecraft:farmland[moisture=7] -> Could not set the block
rcon setblock -1 -61 29 minecraft:farmland[moisture=7] -> Changed the block at -1, -61, 29
rcon setblock 0 -61 27 minecraft:farmland[moisture=7] -> Could not set the block
rcon setblock 0 -61 29 minecraft:farmland[moisture=7] -> Could not set the block
rcon setblock 1 -61 27 minecraft:farmland[moisture=7] -> Changed the block at 1, -61, 27
rcon setblock 1 -61 28 minecraft:farmland[moisture=7] -> Could not set the block
rcon setblock 1 -61 29 minecraft:farmland[moisture=7] -> Changed the block at 1, -61, 29
rcon setblock -1 -60 28 minecraft:melon_stem[age=7] -> Could not set the block
rcon setblock 1 -60 28 minecraft:melon_stem[age=7] -> Could not set the block
rcon setblock 0 -60 27 minecraft:melon_stem[age=7] -> Could not set the block
rcon setblock 0 -60 29 minecraft:melon_stem[age=7] -> Could not set the block
rcon setblock -2 -60 28 minecraft:melon -> Could not set the block
rcon setblock 2 -60 28 minecraft:melon -> Could not set the block
rcon setblock 0 -60 26 minecraft:melon -> Could not set the block
rcon setblock 0 -60 30 minecraft:melon -> Could not set the block
rcon setblock -2 -60 26 minecraft:melon -> Could not set the block
rcon setblock -2 -60 30 minecraft:melon -> Could not set the block
rcon setblock 2 -60 26 minecraft:melon -> Could not set the block
rcon setblock 2 -60 30 minecraft:melon -> Could not set the block
LIFE {"arm": "a3", "life": 3, "chains": 0, "distant_collects": 3, "eats": 7, "first_eat": 2962, "satiated": true, "expressed": false, "drops_leg": false, "completions": 185, "false_completions": 111, "food_min": 7, "food_max": 20, "columns": 106, "reach": 11.5}
rcon setblock 5 -61 5 minecraft:water -> Changed the block at 5, -61, 5
rcon setblock 4 -61 4 minecraft:farmland[moisture=7] -> Changed the block at 4, -61, 4
rcon setblock 4 -61 5 minecraft:farmland[moisture=7] -> Changed the block at 4, -61, 5
rcon setblock 4 -61 6 minecraft:farmland[moisture=7] -> Changed the block at 4, -61, 6
rcon setblock 5 -61 4 minecraft:farmland[moisture=7] -> Changed the block at 5, -61, 4
rcon setblock 5 -61 6 minecraft:farmland[moisture=7] -> Changed the block at 5, -61, 6
rcon setblock 6 -61 4 minecraft:farmland[moisture=7] -> Changed the block at 6, -61, 4
rcon setblock 6 -61 5 minecraft:farmland[moisture=7] -> Changed the block at 6, -61, 5
rcon setblock 6 -61 6 minecraft:farmland[moisture=7] -> Changed the block at 6, -61, 6
rcon setblock 4 -60 5 minecraft:melon_stem[age=7] -> Changed the block at 4, -60, 5
rcon setblock 6 -60 5 minecraft:melon_stem[age=7] -> Changed the block at 6, -60, 5
rcon setblock 5 -60 4 minecraft:melon_stem[age=7] -> Changed the block at 5, -60, 4
rcon setblock 5 -60 6 minecraft:melon_stem[age=7] -> Could not set the block
rcon setblock 3 -60 5 minecraft:melon -> Could not set the block
rcon setblock 7 -60 5 minecraft:melon -> Changed the block at 7, -60, 5
rcon setblock 5 -60 3 minecraft:melon -> Changed the block at 5, -60, 3
rcon setblock 5 -60 7 minecraft:melon -> Could not set the block
rcon setblock 3 -60 3 minecraft:melon -> Could not set the block
rcon setblock 3 -60 7 minecraft:melon -> Could not set the block
rcon setblock 7 -60 3 minecraft:melon -> Could not set the block
rcon setblock 7 -60 7 minecraft:melon -> Changed the block at 7, -60, 7
rcon setblock 28 -61 0 minecraft:water -> Changed the block at 28, -61, 0
rcon setblock 27 -61 -1 minecraft:farmland[moisture=7] -> Changed the block at 27, -61, -1
rcon setblock 27 -61 0 minecraft:farmland[moisture=7] -> Could not set the block
rcon setblock 27 -61 1 minecraft:farmland[moisture=7] -> Changed the block at 27, -61, 1
rcon setblock 28 -61 -1 minecraft:farmland[moisture=7] -> Could not set the block
rcon setblock 28 -61 1 minecraft:farmland[moisture=7] -> Could not set the block
rcon setblock 29 -61 -1 minecraft:farmland[moisture=7] -> Changed the block at 29, -61, -1
rcon setblock 29 -61 0 minecraft:farmland[moisture=7] -> Could not set the block
rcon setblock 29 -61 1 minecraft:farmland[moisture=7] -> Changed the block at 29, -61, 1
rcon setblock 27 -60 0 minecraft:melon_stem[age=7] -> Could not set the block
rcon setblock 29 -60 0 minecraft:melon_stem[age=7] -> Could not set the block
rcon setblock 28 -60 -1 minecraft:melon_stem[age=7] -> Could not set the block
rcon setblock 28 -60 1 minecraft:melon_stem[age=7] -> Could not set the block
rcon setblock 26 -60 0 minecraft:melon -> Could not set the block
rcon setblock 30 -60 0 minecraft:melon -> Could not set the block
rcon setblock 28 -60 -2 minecraft:melon -> Could not set the block
rcon setblock 28 -60 2 minecraft:melon -> Could not set the block
rcon setblock 26 -60 -2 minecraft:melon -> Could not set the block
rcon setblock 26 -60 2 minecraft:melon -> Could not set the block
rcon setblock 30 -60 -2 minecraft:melon -> Could not set the block
rcon setblock 30 -60 2 minecraft:melon -> Could not set the block
rcon setblock 0 -61 28 minecraft:water -> Changed the block at 0, -61, 28
rcon setblock -1 -61 27 minecraft:farmland[moisture=7] -> Changed the block at -1, -61, 27
rcon setblock -1 -61 28 minecraft:farmland[moisture=7] -> Changed the block at -1, -61, 28
rcon setblock -1 -61 29 minecraft:farmland[moisture=7] -> Changed the block at -1, -61, 29
rcon setblock 0 -61 27 minecraft:farmland[moisture=7] -> Could not set the block
rcon setblock 0 -61 29 minecraft:farmland[moisture=7] -> Could not set the block
rcon setblock 1 -61 27 minecraft:farmland[moisture=7] -> Changed the block at 1, -61, 27
rcon setblock 1 -61 28 minecraft:farmland[moisture=7] -> Could not set the block
rcon setblock 1 -61 29 minecraft:farmland[moisture=7] -> Changed the block at 1, -61, 29
rcon setblock -1 -60 28 minecraft:melon_stem[age=7] -> Could not set the block
rcon setblock 1 -60 28 minecraft:melon_stem[age=7] -> Could not set the block
rcon setblock 0 -60 27 minecraft:melon_stem[age=7] -> Could not set the block
rcon setblock 0 -60 29 minecraft:melon_stem[age=7] -> Could not set the block
rcon setblock -2 -60 28 minecraft:melon -> Could not set the block
rcon setblock 2 -60 28 minecraft:melon -> Could not set the block
rcon setblock 0 -60 26 minecraft:melon -> Could not set the block
rcon setblock 0 -60 30 minecraft:melon -> Could not set the block
rcon setblock -2 -60 26 minecraft:melon -> Could not set the block
rcon setblock -2 -60 30 minecraft:melon -> Could not set the block
rcon setblock 2 -60 26 minecraft:melon -> Could not set the block
rcon setblock 2 -60 30 minecraft:melon -> Could not set the block
rcon setblock 5 -61 5 minecraft:water -> Could not set the block
rcon setblock 4 -61 4 minecraft:farmland[moisture=7] -> Could not set the block
rcon setblock 4 -61 5 minecraft:farmland[moisture=7] -> Could not set the block
rcon setblock 4 -61 6 minecraft:farmland[moisture=7] -> Changed the block at 4, -61, 6
rcon setblock 5 -61 4 minecraft:farmland[moisture=7] -> Could not set the block
rcon setblock 5 -61 6 minecraft:farmland[moisture=7] -> Could not set the block
rcon setblock 6 -61 4 minecraft:farmland[moisture=7] -> Could not set the block
rcon setblock 6 -61 5 minecraft:farmland[moisture=7] -> Changed the block at 6, -61, 5
rcon setblock 6 -61 6 minecraft:farmland[moisture=7] -> Changed the block at 6, -61, 6
rcon setblock 4 -60 5 minecraft:melon_stem[age=7] -> Could not set the block
rcon setblock 6 -60 5 minecraft:melon_stem[age=7] -> Changed the block at 6, -60, 5
rcon setblock 5 -60 4 minecraft:melon_stem[age=7] -> Could not set the block
rcon setblock 5 -60 6 minecraft:melon_stem[age=7] -> Could not set the block
rcon setblock 3 -60 5 minecraft:melon -> Could not set the block
rcon setblock 7 -60 5 minecraft:melon -> Could not set the block
rcon setblock 5 -60 3 minecraft:melon -> Could not set the block
rcon setblock 5 -60 7 minecraft:melon -> Could not set the block
rcon setblock 3 -60 3 minecraft:melon -> Could not set the block
rcon setblock 3 -60 7 minecraft:melon -> Could not set the block
rcon setblock 7 -60 3 minecraft:melon -> Could not set the block
rcon setblock 7 -60 7 minecraft:melon -> Could not set the block
rcon setblock 28 -61 0 minecraft:water -> Could not set the block
rcon setblock 27 -61 -1 minecraft:farmland[moisture=7] -> Changed the block at 27, -61, -1
rcon setblock 27 -61 0 minecraft:farmland[moisture=7] -> Could not set the block
rcon setblock 27 -61 1 minecraft:farmland[moisture=7] -> Changed the block at 27, -61, 1
rcon setblock 28 -61 -1 minecraft:farmland[moisture=7] -> Could not set the block
rcon setblock 28 -61 1 minecraft:farmland[moisture=7] -> Could not set the block
rcon setblock 29 -61 -1 minecraft:farmland[moisture=7] -> Changed the block at 29, -61, -1
rcon setblock 29 -61 0 minecraft:farmland[moisture=7] -> Could not set the block
rcon setblock 29 -61 1 minecraft:farmland[moisture=7] -> Changed the block at 29, -61, 1
rcon setblock 27 -60 0 minecraft:melon_stem[age=7] -> Could not set the block
rcon setblock 29 -60 0 minecraft:melon_stem[age=7] -> Could not set the block
rcon setblock 28 -60 -1 minecraft:melon_stem[age=7] -> Could not set the block
rcon setblock 28 -60 1 minecraft:melon_stem[age=7] -> Could not set the block
rcon setblock 26 -60 0 minecraft:melon -> Could not set the block
rcon setblock 30 -60 0 minecraft:melon -> Could not set the block
rcon setblock 28 -60 -2 minecraft:melon -> Could not set the block
rcon setblock 28 -60 2 minecraft:melon -> Could not set the block
rcon setblock 26 -60 -2 minecraft:melon -> Could not set the block
rcon setblock 26 -60 2 minecraft:melon -> Could not set the block
rcon setblock 30 -60 -2 minecraft:melon -> Could not set the block
rcon setblock 30 -60 2 minecraft:melon -> Could not set the block
rcon setblock 0 -61 28 minecraft:water -> Could not set the block
rcon setblock -1 -61 27 minecraft:farmland[moisture=7] -> Changed the block at -1, -61, 27
rcon setblock -1 -61 28 minecraft:farmland[moisture=7] -> Could not set the block
rcon setblock -1 -61 29 minecraft:farmland[moisture=7] -> Changed the block at -1, -61, 29
rcon setblock 0 -61 27 minecraft:farmland[moisture=7] -> Could not set the block
rcon setblock 0 -61 29 minecraft:farmland[moisture=7] -> Could not set the block
rcon setblock 1 -61 27 minecraft:farmland[moisture=7] -> Changed the block at 1, -61, 27
rcon setblock 1 -61 28 minecraft:farmland[moisture=7] -> Could not set the block
rcon setblock 1 -61 29 minecraft:farmland[moisture=7] -> Changed the block at 1, -61, 29
rcon setblock -1 -60 28 minecraft:melon_stem[age=7] -> Could not set the block
rcon setblock 1 -60 28 minecraft:melon_stem[age=7] -> Could not set the block
rcon setblock 0 -60 27 minecraft:melon_stem[age=7] -> Could not set the block
rcon setblock 0 -60 29 minecraft:melon_stem[age=7] -> Could not set the block
rcon setblock -2 -60 28 minecraft:melon -> Could not set the block
rcon setblock 2 -60 28 minecraft:melon -> Could not set the block
rcon setblock 0 -60 26 minecraft:melon -> Could not set the block
rcon setblock 0 -60 30 minecraft:melon -> Could not set the block
rcon setblock -2 -60 26 minecraft:melon -> Could not set the block
rcon setblock -2 -60 30 minecraft:melon -> Could not set the block
rcon setblock 2 -60 26 minecraft:melon -> Could not set the block
rcon setblock 2 -60 30 minecraft:melon -> Could not set the block
Traceback (most recent call last):
  File "/Users/calmera/Impire/pra/hq/01-RESEARCH/the-aim/a23_arms.py", line 211, in <module>
    raise SystemExit(main())
                     ~~~~^^
  File "/Users/calmera/Impire/pra/hq/01-RESEARCH/the-aim/a23_arms.py", line 204, in main
    arm("a3", ablate=True)
    ~~~^^^^^^^^^^^^^^^^^^^
  File "/Users/calmera/Impire/pra/hq/01-RESEARCH/the-aim/a23_arms.py", line 142, in arm
    views, policy = run_life()
                    ~~~~~~~~^^
  File "/Users/calmera/Impire/pra/hq/01-RESEARCH/the-aim/a23_arms.py", line 94, in run_life
    R.run_engine(
    ~~~~~~~~~~~~^
        cfg, policy, dataclasses.replace(state, config=cfg), store, views, R.live_transport
        ^^^^^^^^^^^^^^^^^^^^^^^^^^^^^^^^^^^^^^^^^^^^^^^^^^^^^^^^^^^^^^^^^^^^^^^^^^^^^^^^^^^
    )
    ^
  File "/Users/calmera/Impire/pra/hq/01-RESEARCH/native-survival/arms/n23_runner.py", line 168, in run_engine
    return engine.run(SEED, resume_from=resume_state)
           ~~~~~~~~~~^^^^^^^^^^^^^^^^^^^^^^^^^^^^^^^^
  File "/Users/calmera/Impire/pra/src/pra/core/engine.py", line 474, in run
    online_episode()
    ~~~~~~~~~~~~~~^^
  File "/Users/calmera/Impire/pra/src/pra/core/engine.py", line 400, in online_episode
    obs = w.step(prev_a)
  File "/Users/calmera/Impire/pra/src/pra/anatomy/ros2/body.py", line 185, in step
    self._transport.tick()  # advance exactly one control tick
    ~~~~~~~~~~~~~~~~~~~~^^
  File "/Users/calmera/Impire/pra/src/pra/anatomy/minecraft/transport.py", line 140, in tick
    response = request(
        self._sock,
        self._rfile,
        {"op": "tick", "commands": commands, "tick_ms": self._tick_ms},
    )
  File "/Users/calmera/Impire/pra/src/pra/anatomy/minecraft/protocol.py", line 62, in request
    response = recv_message(rfile)
  File "/Users/calmera/Impire/pra/src/pra/anatomy/minecraft/protocol.py", line 42, in recv_message
    line = rfile.readline(_MAX_LINE)
  File "/opt/homebrew/Cellar/python@3.14/3.14.6/Frameworks/Python.framework/Versions/3.14/lib/python3.14/socket.py", line 729, in readinto
    return self._sock.recv_into(b)
           ~~~~~~~~~~~~~~~~~~~~^^^
ConnectionResetError: [Errno 54] Connection reset by peer
world: Set the target tick rate to 100.0 per second
a3: resuming at life 4
rcon setblock 5 -61 5 minecraft:water -> Changed the block at 5, -61, 5
rcon setblock 4 -61 4 minecraft:farmland[moisture=7] -> Could not set the block
rcon setblock 4 -61 5 minecraft:farmland[moisture=7] -> Could not set the block
rcon setblock 4 -61 6 minecraft:farmland[moisture=7] -> Changed the block at 4, -61, 6
rcon setblock 5 -61 4 minecraft:farmland[moisture=7] -> Changed the block at 5, -61, 4
rcon setblock 5 -61 6 minecraft:farmland[moisture=7] -> Could not set the block
rcon setblock 6 -61 4 minecraft:farmland[moisture=7] -> Changed the block at 6, -61, 4
rcon setblock 6 -61 5 minecraft:farmland[moisture=7] -> Could not set the block
rcon setblock 6 -61 6 minecraft:farmland[moisture=7] -> Changed the block at 6, -61, 6
rcon setblock 4 -60 5 minecraft:melon_stem[age=7] -> Changed the block at 4, -60, 5
rcon setblock 6 -60 5 minecraft:melon_stem[age=7] -> Could not set the block
rcon setblock 5 -60 4 minecraft:melon_stem[age=7] -> Changed the block at 5, -60, 4
rcon setblock 5 -60 6 minecraft:melon_stem[age=7] -> Could not set the block
rcon setblock 3 -60 5 minecraft:melon -> Could not set the block
rcon setblock 7 -60 5 minecraft:melon -> Could not set the block
rcon setblock 5 -60 3 minecraft:melon -> Changed the block at 5, -60, 3
rcon setblock 5 -60 7 minecraft:melon -> Could not set the block
rcon setblock 3 -60 3 minecraft:melon -> Could not set the block
rcon setblock 3 -60 7 minecraft:melon -> Could not set the block
rcon setblock 7 -60 3 minecraft:melon -> Could not set the block
rcon setblock 7 -60 7 minecraft:melon -> Could not set the block
rcon setblock 28 -61 0 minecraft:water -> Changed the block at 28, -61, 0
rcon setblock 27 -61 -1 minecraft:farmland[moisture=7] -> Changed the block at 27, -61, -1
rcon setblock 27 -61 0 minecraft:farmland[moisture=7] -> Could not set the block
rcon setblock 27 -61 1 minecraft:farmland[moisture=7] -> Changed the block at 27, -61, 1
rcon setblock 28 -61 -1 minecraft:farmland[moisture=7] -> Could not set the block
rcon setblock 28 -61 1 minecraft:farmland[moisture=7] -> Could not set the block
rcon setblock 29 -61 -1 minecraft:farmland[moisture=7] -> Changed the block at 29, -61, -1
rcon setblock 29 -61 0 minecraft:farmland[moisture=7] -> Could not set the block
rcon setblock 29 -61 1 minecraft:farmland[moisture=7] -> Changed the block at 29, -61, 1
rcon setblock 27 -60 0 minecraft:melon_stem[age=7] -> Could not set the block
rcon setblock 29 -60 0 minecraft:melon_stem[age=7] -> Could not set the block
rcon setblock 28 -60 -1 minecraft:melon_stem[age=7] -> Could not set the block
rcon setblock 28 -60 1 minecraft:melon_stem[age=7] -> Could not set the block
rcon setblock 26 -60 0 minecraft:melon -> Could not set the block
rcon setblock 30 -60 0 minecraft:melon -> Could not set the block
rcon setblock 28 -60 -2 minecraft:melon -> Could not set the block
rcon setblock 28 -60 2 minecraft:melon -> Could not set the block
rcon setblock 26 -60 -2 minecraft:melon -> Could not set the block
rcon setblock 26 -60 2 minecraft:melon -> Could not set the block
rcon setblock 30 -60 -2 minecraft:melon -> Could not set the block
rcon setblock 30 -60 2 minecraft:melon -> Could not set the block
rcon setblock 0 -61 28 minecraft:water -> Changed the block at 0, -61, 28
rcon setblock -1 -61 27 minecraft:farmland[moisture=7] -> Changed the block at -1, -61, 27
rcon setblock -1 -61 28 minecraft:farmland[moisture=7] -> Could not set the block
rcon setblock -1 -61 29 minecraft:farmland[moisture=7] -> Changed the block at -1, -61, 29
rcon setblock 0 -61 27 minecraft:farmland[moisture=7] -> Could not set the block
rcon setblock 0 -61 29 minecraft:farmland[moisture=7] -> Could not set the block
rcon setblock 1 -61 27 minecraft:farmland[moisture=7] -> Changed the block at 1, -61, 27
rcon setblock 1 -61 28 minecraft:farmland[moisture=7] -> Could not set the block
rcon setblock 1 -61 29 minecraft:farmland[moisture=7] -> Changed the block at 1, -61, 29
rcon setblock -1 -60 28 minecraft:melon_stem[age=7] -> Could not set the block
rcon setblock 1 -60 28 minecraft:melon_stem[age=7] -> Could not set the block
rcon setblock 0 -60 27 minecraft:melon_stem[age=7] -> Could not set the block
rcon setblock 0 -60 29 minecraft:melon_stem[age=7] -> Could not set the block
rcon setblock -2 -60 28 minecraft:melon -> Could not set the block
rcon setblock 2 -60 28 minecraft:melon -> Could not set the block
rcon setblock 0 -60 26 minecraft:melon -> Could not set the block
rcon setblock 0 -60 30 minecraft:melon -> Could not set the block
rcon setblock -2 -60 26 minecraft:melon -> Could not set the block
rcon setblock -2 -60 30 minecraft:melon -> Could not set the block
rcon setblock 2 -60 26 minecraft:melon -> Could not set the block
rcon setblock 2 -60 30 minecraft:melon -> Could not set the block
rcon setblock 5 -61 5 minecraft:water -> Could not set the block
rcon setblock 4 -61 4 minecraft:farmland[moisture=7] -> Could not set the block
rcon setblock 4 -61 5 minecraft:farmland[moisture=7] -> Could not set the block
rcon setblock 4 -61 6 minecraft:farmland[moisture=7] -> Changed the block at 4, -61, 6
rcon setblock 5 -61 4 minecraft:farmland[moisture=7] -> Could not set the block
rcon setblock 5 -61 6 minecraft:farmland[moisture=7] -> Could not set the block
rcon setblock 6 -61 4 minecraft:farmland[moisture=7] -> Changed the block at 6, -61, 4
rcon setblock 6 -61 5 minecraft:farmland[moisture=7] -> Could not set the block
rcon setblock 6 -61 6 minecraft:farmland[moisture=7] -> Changed the block at 6, -61, 6
rcon setblock 4 -60 5 minecraft:melon_stem[age=7] -> Could not set the block
rcon setblock 6 -60 5 minecraft:melon_stem[age=7] -> Could not set the block
rcon setblock 5 -60 4 minecraft:melon_stem[age=7] -> Could not set the block
rcon setblock 5 -60 6 minecraft:melon_stem[age=7] -> Could not set the block
rcon setblock 3 -60 5 minecraft:melon -> Could not set the block
rcon setblock 7 -60 5 minecraft:melon -> Could not set the block
rcon setblock 5 -60 3 minecraft:melon -> Could not set the block
rcon setblock 5 -60 7 minecraft:melon -> Could not set the block
rcon setblock 3 -60 3 minecraft:melon -> Could not set the block
rcon setblock 3 -60 7 minecraft:melon -> Could not set the block
rcon setblock 7 -60 3 minecraft:melon -> Could not set the block
rcon setblock 7 -60 7 minecraft:melon -> Could not set the block
rcon setblock 28 -61 0 minecraft:water -> Could not set the block
rcon setblock 27 -61 -1 minecraft:farmland[moisture=7] -> Changed the block at 27, -61, -1
rcon setblock 27 -61 0 minecraft:farmland[moisture=7] -> Could not set the block
rcon setblock 27 -61 1 minecraft:farmland[moisture=7] -> Changed the block at 27, -61, 1
rcon setblock 28 -61 -1 minecraft:farmland[moisture=7] -> Could not set the block
rcon setblock 28 -61 1 minecraft:farmland[moisture=7] -> Could not set the block
rcon setblock 29 -61 -1 minecraft:farmland[moisture=7] -> Changed the block at 29, -61, -1
rcon setblock 29 -61 0 minecraft:farmland[moisture=7] -> Could not set the block
rcon setblock 29 -61 1 minecraft:farmland[moisture=7] -> Changed the block at 29, -61, 1
rcon setblock 27 -60 0 minecraft:melon_stem[age=7] -> Could not set the block
rcon setblock 29 -60 0 minecraft:melon_stem[age=7] -> Could not set the block
rcon setblock 28 -60 -1 minecraft:melon_stem[age=7] -> Could not set the block
rcon setblock 28 -60 1 minecraft:melon_stem[age=7] -> Could not set the block
rcon setblock 26 -60 0 minecraft:melon -> Could not set the block
rcon setblock 30 -60 0 minecraft:melon -> Could not set the block
rcon setblock 28 -60 -2 minecraft:melon -> Could not set the block
rcon setblock 28 -60 2 minecraft:melon -> Could not set the block
rcon setblock 26 -60 -2 minecraft:melon -> Could not set the block
rcon setblock 26 -60 2 minecraft:melon -> Could not set the block
rcon setblock 30 -60 -2 minecraft:melon -> Could not set the block
rcon setblock 30 -60 2 minecraft:melon -> Could not set the block
rcon setblock 0 -61 28 minecraft:water -> Could not set the block
rcon setblock -1 -61 27 minecraft:farmland[moisture=7] -> Changed the block at -1, -61, 27
rcon setblock -1 -61 28 minecraft:farmland[moisture=7] -> Could not set the block
rcon setblock -1 -61 29 minecraft:farmland[moisture=7] -> Changed the block at -1, -61, 29
rcon setblock 0 -61 27 minecraft:farmland[moisture=7] -> Could not set the block
rcon setblock 0 -61 29 minecraft:farmland[moisture=7] -> Could not set the block
rcon setblock 1 -61 27 minecraft:farmland[moisture=7] -> Changed the block at 1, -61, 27
rcon setblock 1 -61 28 minecraft:farmland[moisture=7] -> Could not set the block
rcon setblock 1 -61 29 minecraft:farmland[moisture=7] -> Changed the block at 1, -61, 29
rcon setblock -1 -60 28 minecraft:melon_stem[age=7] -> Could not set the block
rcon setblock 1 -60 28 minecraft:melon_stem[age=7] -> Could not set the block
rcon setblock 0 -60 27 minecraft:melon_stem[age=7] -> Could not set the block
rcon setblock 0 -60 29 minecraft:melon_stem[age=7] -> Could not set the block
rcon setblock -2 -60 28 minecraft:melon -> Could not set the block
rcon setblock 2 -60 28 minecraft:melon -> Could not set the block
rcon setblock 0 -60 26 minecraft:melon -> Could not set the block
rcon setblock 0 -60 30 minecraft:melon -> Could not set the block
rcon setblock -2 -60 26 minecraft:melon -> Could not set the block
rcon setblock -2 -60 30 minecraft:melon -> Could not set the block
rcon setblock 2 -60 26 minecraft:melon -> Could not set the block
rcon setblock 2 -60 30 minecraft:melon -> Could not set the block
LIFE {"arm": "a3", "life": 4, "chains": 0, "distant_collects": 0, "eats": 0, "first_eat": null, "satiated": false, "expressed": false, "drops_leg": false, "completions": 114, "false_completions": 72, "food_min": 4, "food_max": 8, "columns": 109, "reach": 12.7}
rcon setblock 5 -61 5 minecraft:water -> Changed the block at 5, -61, 5
rcon setblock 4 -61 4 minecraft:farmland[moisture=7] -> Could not set the block
rcon setblock 4 -61 5 minecraft:farmland[moisture=7] -> Could not set the block
rcon setblock 4 -61 6 minecraft:farmland[moisture=7] -> Changed the block at 4, -61, 6
rcon setblock 5 -61 4 minecraft:farmland[moisture=7] -> Changed the block at 5, -61, 4
rcon setblock 5 -61 6 minecraft:farmland[moisture=7] -> Could not set the block
rcon setblock 6 -61 4 minecraft:farmland[moisture=7] -> Changed the block at 6, -61, 4
rcon setblock 6 -61 5 minecraft:farmland[moisture=7] -> Changed the block at 6, -61, 5
rcon setblock 6 -61 6 minecraft:farmland[moisture=7] -> Changed the block at 6, -61, 6
rcon setblock 4 -60 5 minecraft:melon_stem[age=7] -> Could not set the block
rcon setblock 6 -60 5 minecraft:melon_stem[age=7] -> Changed the block at 6, -60, 5
rcon setblock 5 -60 4 minecraft:melon_stem[age=7] -> Changed the block at 5, -60, 4
rcon setblock 5 -60 6 minecraft:melon_stem[age=7] -> Could not set the block
rcon setblock 3 -60 5 minecraft:melon -> Could not set the block
rcon setblock 7 -60 5 minecraft:melon -> Could not set the block
rcon setblock 5 -60 3 minecraft:melon -> Changed the block at 5, -60, 3
rcon setblock 5 -60 7 minecraft:melon -> Could not set the block
rcon setblock 3 -60 3 minecraft:melon -> Could not set the block
rcon setblock 3 -60 7 minecraft:melon -> Could not set the block
rcon setblock 7 -60 3 minecraft:melon -> Could not set the block
rcon setblock 7 -60 7 minecraft:melon -> Could not set the block
rcon setblock 28 -61 0 minecraft:water -> Changed the block at 28, -61, 0
rcon setblock 27 -61 -1 minecraft:farmland[moisture=7] -> Changed the block at 27, -61, -1
rcon setblock 27 -61 0 minecraft:farmland[moisture=7] -> Changed the block at 27, -61, 0
rcon setblock 27 -61 1 minecraft:farmland[moisture=7] -> Changed the block at 27, -61, 1
rcon setblock 28 -61 -1 minecraft:farmland[moisture=7] -> Could not set the block
rcon setblock 28 -61 1 minecraft:farmland[moisture=7] -> Could not set the block
rcon setblock 29 -61 -1 minecraft:farmland[moisture=7] -> Changed the block at 29, -61, -1
rcon setblock 29 -61 0 minecraft:farmland[moisture=7] -> Could not set the block
rcon setblock 29 -61 1 minecraft:farmland[moisture=7] -> Changed the block at 29, -61, 1
rcon setblock 27 -60 0 minecraft:melon_stem[age=7] -> Could not set the block
rcon setblock 29 -60 0 minecraft:melon_stem[age=7] -> Could not set the block
rcon setblock 28 -60 -1 minecraft:melon_stem[age=7] -> Could not set the block
rcon setblock 28 -60 1 minecraft:melon_stem[age=7] -> Could not set the block
rcon setblock 26 -60 0 minecraft:melon -> Could not set the block
rcon setblock 30 -60 0 minecraft:melon -> Could not set the block
rcon setblock 28 -60 -2 minecraft:melon -> Could not set the block
rcon setblock 28 -60 2 minecraft:melon -> Could not set the block
rcon setblock 26 -60 -2 minecraft:melon -> Could not set the block
rcon setblock 26 -60 2 minecraft:melon -> Could not set the block
rcon setblock 30 -60 -2 minecraft:melon -> Could not set the block
rcon setblock 30 -60 2 minecraft:melon -> Could not set the block
rcon setblock 0 -61 28 minecraft:water -> Changed the block at 0, -61, 28
rcon setblock -1 -61 27 minecraft:farmland[moisture=7] -> Changed the block at -1, -61, 27
rcon setblock -1 -61 28 minecraft:farmland[moisture=7] -> Changed the block at -1, -61, 28
rcon setblock -1 -61 29 minecraft:farmland[moisture=7] -> Changed the block at -1, -61, 29
rcon setblock 0 -61 27 minecraft:farmland[moisture=7] -> Could not set the block
rcon setblock 0 -61 29 minecraft:farmland[moisture=7] -> Could not set the block
rcon setblock 1 -61 27 minecraft:farmland[moisture=7] -> Changed the block at 1, -61, 27
rcon setblock 1 -61 28 minecraft:farmland[moisture=7] -> Could not set the block
rcon setblock 1 -61 29 minecraft:farmland[moisture=7] -> Changed the block at 1, -61, 29
rcon setblock -1 -60 28 minecraft:melon_stem[age=7] -> Could not set the block
rcon setblock 1 -60 28 minecraft:melon_stem[age=7] -> Could not set the block
rcon setblock 0 -60 27 minecraft:melon_stem[age=7] -> Could not set the block
rcon setblock 0 -60 29 minecraft:melon_stem[age=7] -> Could not set the block
rcon setblock -2 -60 28 minecraft:melon -> Could not set the block
rcon setblock 2 -60 28 minecraft:melon -> Could not set the block
rcon setblock 0 -60 26 minecraft:melon -> Could not set the block
rcon setblock 0 -60 30 minecraft:melon -> Could not set the block
rcon setblock -2 -60 26 minecraft:melon -> Could not set the block
rcon setblock -2 -60 30 minecraft:melon -> Could not set the block
rcon setblock 2 -60 26 minecraft:melon -> Could not set the block
rcon setblock 2 -60 30 minecraft:melon -> Could not set the block
rcon setblock 5 -61 5 minecraft:water -> Could not set the block
rcon setblock 4 -61 4 minecraft:farmland[moisture=7] -> Could not set the block
rcon setblock 4 -61 5 minecraft:farmland[moisture=7] -> Could not set the block
rcon setblock 4 -61 6 minecraft:farmland[moisture=7] -> Changed the block at 4, -61, 6
rcon setblock 5 -61 4 minecraft:farmland[moisture=7] -> Could not set the block
rcon setblock 5 -61 6 minecraft:farmland[moisture=7] -> Could not set the block
rcon setblock 6 -61 4 minecraft:farmland[moisture=7] -> Changed the block at 6, -61, 4
rcon setblock 6 -61 5 minecraft:farmland[moisture=7] -> Could not set the block
rcon setblock 6 -61 6 minecraft:farmland[moisture=7] -> Changed the block at 6, -61, 6
rcon setblock 4 -60 5 minecraft:melon_stem[age=7] -> Could not set the block
rcon setblock 6 -60 5 minecraft:melon_stem[age=7] -> Could not set the block
rcon setblock 5 -60 4 minecraft:melon_stem[age=7] -> Could not set the block
rcon setblock 5 -60 6 minecraft:melon_stem[age=7] -> Could not set the block
rcon setblock 3 -60 5 minecraft:melon -> Could not set the block
rcon setblock 7 -60 5 minecraft:melon -> Could not set the block
rcon setblock 5 -60 3 minecraft:melon -> Could not set the block
rcon setblock 5 -60 7 minecraft:melon -> Could not set the block
rcon setblock 3 -60 3 minecraft:melon -> Could not set the block
rcon setblock 3 -60 7 minecraft:melon -> Could not set the block
rcon setblock 7 -60 3 minecraft:melon -> Could not set the block
rcon setblock 7 -60 7 minecraft:melon -> Could not set the block
rcon setblock 28 -61 0 minecraft:water -> Could not set the block
rcon setblock 27 -61 -1 minecraft:farmland[moisture=7] -> Changed the block at 27, -61, -1
rcon setblock 27 -61 0 minecraft:farmland[moisture=7] -> Could not set the block
rcon setblock 27 -61 1 minecraft:farmland[moisture=7] -> Changed the block at 27, -61, 1
rcon setblock 28 -61 -1 minecraft:farmland[moisture=7] -> Could not set the block
rcon setblock 28 -61 1 minecraft:farmland[moisture=7] -> Could not set the block
rcon setblock 29 -61 -1 minecraft:farmland[moisture=7] -> Changed the block at 29, -61, -1
rcon setblock 29 -61 0 minecraft:farmland[moisture=7] -> Could not set the block
rcon setblock 29 -61 1 minecraft:farmland[moisture=7] -> Changed the block at 29, -61, 1
rcon setblock 27 -60 0 minecraft:melon_stem[age=7] -> Could not set the block
rcon setblock 29 -60 0 minecraft:melon_stem[age=7] -> Could not set the block
rcon setblock 28 -60 -1 minecraft:melon_stem[age=7] -> Could not set the block
rcon setblock 28 -60 1 minecraft:melon_stem[age=7] -> Could not set the block
rcon setblock 26 -60 0 minecraft:melon -> Could not set the block
rcon setblock 30 -60 0 minecraft:melon -> Could not set the block
rcon setblock 28 -60 -2 minecraft:melon -> Could not set the block
rcon setblock 28 -60 2 minecraft:melon -> Could not set the block
rcon setblock 26 -60 -2 minecraft:melon -> Could not set the block
rcon setblock 26 -60 2 minecraft:melon -> Could not set the block
rcon setblock 30 -60 -2 minecraft:melon -> Could not set the block
rcon setblock 30 -60 2 minecraft:melon -> Could not set the block
rcon setblock 0 -61 28 minecraft:water -> Could not set the block
rcon setblock -1 -61 27 minecraft:farmland[moisture=7] -> Changed the block at -1, -61, 27
rcon setblock -1 -61 28 minecraft:farmland[moisture=7] -> Could not set the block
rcon setblock -1 -61 29 minecraft:farmland[moisture=7] -> Changed the block at -1, -61, 29
rcon setblock 0 -61 27 minecraft:farmland[moisture=7] -> Could not set the block
rcon setblock 0 -61 29 minecraft:farmland[moisture=7] -> Could not set the block
rcon setblock 1 -61 27 minecraft:farmland[moisture=7] -> Changed the block at 1, -61, 27
rcon setblock 1 -61 28 minecraft:farmland[moisture=7] -> Could not set the block
rcon setblock 1 -61 29 minecraft:farmland[moisture=7] -> Changed the block at 1, -61, 29
rcon setblock -1 -60 28 minecraft:melon_stem[age=7] -> Could not set the block
rcon setblock 1 -60 28 minecraft:melon_stem[age=7] -> Could not set the block
rcon setblock 0 -60 27 minecraft:melon_stem[age=7] -> Could not set the block
rcon setblock 0 -60 29 minecraft:melon_stem[age=7] -> Could not set the block
rcon setblock -2 -60 28 minecraft:melon -> Could not set the block
rcon setblock 2 -60 28 minecraft:melon -> Could not set the block
rcon setblock 0 -60 26 minecraft:melon -> Could not set the block
rcon setblock 0 -60 30 minecraft:melon -> Could not set the block
rcon setblock -2 -60 26 minecraft:melon -> Could not set the block
rcon setblock -2 -60 30 minecraft:melon -> Could not set the block
rcon setblock 2 -60 26 minecraft:melon -> Could not set the block
rcon setblock 2 -60 30 minecraft:melon -> Could not set the block
LIFE {"arm": "a3", "life": 5, "chains": 1, "distant_collects": 3, "eats": 8, "first_eat": 6423, "satiated": true, "expressed": true, "drops_leg": false, "completions": 119, "false_completions": 85, "food_min": 5, "food_max": 20, "columns": 127, "reach": 12.9}
rcon setblock 5 -61 5 minecraft:water -> Changed the block at 5, -61, 5
rcon setblock 4 -61 4 minecraft:farmland[moisture=7] -> Changed the block at 4, -61, 4
rcon setblock 4 -61 5 minecraft:farmland[moisture=7] -> Changed the block at 4, -61, 5
rcon setblock 4 -61 6 minecraft:farmland[moisture=7] -> Changed the block at 4, -61, 6
rcon setblock 5 -61 4 minecraft:farmland[moisture=7] -> Changed the block at 5, -61, 4
rcon setblock 5 -61 6 minecraft:farmland[moisture=7] -> Changed the block at 5, -61, 6
rcon setblock 6 -61 4 minecraft:farmland[moisture=7] -> Changed the block at 6, -61, 4
rcon setblock 6 -61 5 minecraft:farmland[moisture=7] -> Changed the block at 6, -61, 5
rcon setblock 6 -61 6 minecraft:farmland[moisture=7] -> Changed the block at 6, -61, 6
rcon setblock 4 -60 5 minecraft:melon_stem[age=7] -> Changed the block at 4, -60, 5
rcon setblock 6 -60 5 minecraft:melon_stem[age=7] -> Changed the block at 6, -60, 5
rcon setblock 5 -60 4 minecraft:melon_stem[age=7] -> Changed the block at 5, -60, 4
rcon setblock 5 -60 6 minecraft:melon_stem[age=7] -> Changed the block at 5, -60, 6
rcon setblock 3 -60 5 minecraft:melon -> Changed the block at 3, -60, 5
rcon setblock 7 -60 5 minecraft:melon -> Changed the block at 7, -60, 5
rcon setblock 5 -60 3 minecraft:melon -> Changed the block at 5, -60, 3
rcon setblock 5 -60 7 minecraft:melon -> Could not set the block
rcon setblock 3 -60 3 minecraft:melon -> Could not set the block
rcon setblock 3 -60 7 minecraft:melon -> Could not set the block
rcon setblock 7 -60 3 minecraft:melon -> Could not set the block
rcon setblock 7 -60 7 minecraft:melon -> Could not set the block
rcon setblock 28 -61 0 minecraft:water -> Changed the block at 28, -61, 0
rcon setblock 27 -61 -1 minecraft:farmland[moisture=7] -> Changed the block at 27, -61, -1
rcon setblock 27 -61 0 minecraft:farmland[moisture=7] -> Could not set the block
rcon setblock 27 -61 1 minecraft:farmland[moisture=7] -> Changed the block at 27, -61, 1
rcon setblock 28 -61 -1 minecraft:farmland[moisture=7] -> Changed the block at 28, -61, -1
rcon setblock 28 -61 1 minecraft:farmland[moisture=7] -> Could not set the block
rcon setblock 29 -61 -1 minecraft:farmland[moisture=7] -> Changed the block at 29, -61, -1
rcon setblock 29 -61 0 minecraft:farmland[moisture=7] -> Could not set the block
rcon setblock 29 -61 1 minecraft:farmland[moisture=7] -> Changed the block at 29, -61, 1
rcon setblock 27 -60 0 minecraft:melon_stem[age=7] -> Could not set the block
rcon setblock 29 -60 0 minecraft:melon_stem[age=7] -> Could not set the block
rcon setblock 28 -60 -1 minecraft:melon_stem[age=7] -> Could not set the block
rcon setblock 28 -60 1 minecraft:melon_stem[age=7] -> Could not set the block
rcon setblock 26 -60 0 minecraft:melon -> Could not set the block
rcon setblock 30 -60 0 minecraft:melon -> Could not set the block
rcon setblock 28 -60 -2 minecraft:melon -> Could not set the block
rcon setblock 28 -60 2 minecraft:melon -> Could not set the block
rcon setblock 26 -60 -2 minecraft:melon -> Could not set the block
rcon setblock 26 -60 2 minecraft:melon -> Could not set the block
rcon setblock 30 -60 -2 minecraft:melon -> Could not set the block
rcon setblock 30 -60 2 minecraft:melon -> Could not set the block
rcon setblock 0 -61 28 minecraft:water -> Changed the block at 0, -61, 28
rcon setblock -1 -61 27 minecraft:farmland[moisture=7] -> Changed the block at -1, -61, 27
rcon setblock -1 -61 28 minecraft:farmland[moisture=7] -> Changed the block at -1, -61, 28
rcon setblock -1 -61 29 minecraft:farmland[moisture=7] -> Changed the block at -1, -61, 29
rcon setblock 0 -61 27 minecraft:farmland[moisture=7] -> Could not set the block
rcon setblock 0 -61 29 minecraft:farmland[moisture=7] -> Could not set the block
rcon setblock 1 -61 27 minecraft:farmland[moisture=7] -> Changed the block at 1, -61, 27
rcon setblock 1 -61 28 minecraft:farmland[moisture=7] -> Could not set the block
rcon setblock 1 -61 29 minecraft:farmland[moisture=7] -> Changed the block at 1, -61, 29
rcon setblock -1 -60 28 minecraft:melon_stem[age=7] -> Could not set the block
rcon setblock 1 -60 28 minecraft:melon_stem[age=7] -> Could not set the block
rcon setblock 0 -60 27 minecraft:melon_stem[age=7] -> Could not set the block
rcon setblock 0 -60 29 minecraft:melon_stem[age=7] -> Could not set the block
rcon setblock -2 -60 28 minecraft:melon -> Could not set the block
rcon setblock 2 -60 28 minecraft:melon -> Could not set the block
rcon setblock 0 -60 26 minecraft:melon -> Could not set the block
rcon setblock 0 -60 30 minecraft:melon -> Could not set the block
rcon setblock -2 -60 26 minecraft:melon -> Could not set the block
rcon setblock -2 -60 30 minecraft:melon -> Could not set the block
rcon setblock 2 -60 26 minecraft:melon -> Could not set the block
rcon setblock 2 -60 30 minecraft:melon -> Could not set the block
rcon setblock 5 -61 5 minecraft:water -> Could not set the block
rcon setblock 4 -61 4 minecraft:farmland[moisture=7] -> Changed the block at 4, -61, 4
rcon setblock 4 -61 5 minecraft:farmland[moisture=7] -> Could not set the block
rcon setblock 4 -61 6 minecraft:farmland[moisture=7] -> Changed the block at 4, -61, 6
rcon setblock 5 -61 4 minecraft:farmland[moisture=7] -> Could not set the block
rcon setblock 5 -61 6 minecraft:farmland[moisture=7] -> Could not set the block
rcon setblock 6 -61 4 minecraft:farmland[moisture=7] -> Changed the block at 6, -61, 4
rcon setblock 6 -61 5 minecraft:farmland[moisture=7] -> Could not set the block
rcon setblock 6 -61 6 minecraft:farmland[moisture=7] -> Changed the block at 6, -61, 6
rcon setblock 4 -60 5 minecraft:melon_stem[age=7] -> Could not set the block
rcon setblock 6 -60 5 minecraft:melon_stem[age=7] -> Could not set the block
rcon setblock 5 -60 4 minecraft:melon_stem[age=7] -> Could not set the block
rcon setblock 5 -60 6 minecraft:melon_stem[age=7] -> Could not set the block
rcon setblock 3 -60 5 minecraft:melon -> Could not set the block
rcon setblock 7 -60 5 minecraft:melon -> Could not set the block
rcon setblock 5 -60 3 minecraft:melon -> Could not set the block
rcon setblock 5 -60 7 minecraft:melon -> Could not set the block
rcon setblock 3 -60 3 minecraft:melon -> Could not set the block
rcon setblock 3 -60 7 minecraft:melon -> Could not set the block
rcon setblock 7 -60 3 minecraft:melon -> Could not set the block
rcon setblock 7 -60 7 minecraft:melon -> Could not set the block
rcon setblock 28 -61 0 minecraft:water -> Could not set the block
rcon setblock 27 -61 -1 minecraft:farmland[moisture=7] -> Changed the block at 27, -61, -1
rcon setblock 27 -61 0 minecraft:farmland[moisture=7] -> Could not set the block
rcon setblock 27 -61 1 minecraft:farmland[moisture=7] -> Changed the block at 27, -61, 1
rcon setblock 28 -61 -1 minecraft:farmland[moisture=7] -> Could not set the block
rcon setblock 28 -61 1 minecraft:farmland[moisture=7] -> Could not set the block
rcon setblock 29 -61 -1 minecraft:farmland[moisture=7] -> Changed the block at 29, -61, -1
rcon setblock 29 -61 0 minecraft:farmland[moisture=7] -> Could not set the block
rcon setblock 29 -61 1 minecraft:farmland[moisture=7] -> Changed the block at 29, -61, 1
rcon setblock 27 -60 0 minecraft:melon_stem[age=7] -> Could not set the block
rcon setblock 29 -60 0 minecraft:melon_stem[age=7] -> Could not set the block
rcon setblock 28 -60 -1 minecraft:melon_stem[age=7] -> Could not set the block
rcon setblock 28 -60 1 minecraft:melon_stem[age=7] -> Could not set the block
rcon setblock 26 -60 0 minecraft:melon -> Could not set the block
rcon setblock 30 -60 0 minecraft:melon -> Could not set the block
rcon setblock 28 -60 -2 minecraft:melon -> Could not set the block
rcon setblock 28 -60 2 minecraft:melon -> Could not set the block
rcon setblock 26 -60 -2 minecraft:melon -> Could not set the block
rcon setblock 26 -60 2 minecraft:melon -> Could not set the block
rcon setblock 30 -60 -2 minecraft:melon -> Could not set the block
rcon setblock 30 -60 2 minecraft:melon -> Could not set the block
rcon setblock 0 -61 28 minecraft:water -> Could not set the block
rcon setblock -1 -61 27 minecraft:farmland[moisture=7] -> Changed the block at -1, -61, 27
rcon setblock -1 -61 28 minecraft:farmland[moisture=7] -> Could not set the block
rcon setblock -1 -61 29 minecraft:farmland[moisture=7] -> Changed the block at -1, -61, 29
rcon setblock 0 -61 27 minecraft:farmland[moisture=7] -> Could not set the block
rcon setblock 0 -61 29 minecraft:farmland[moisture=7] -> Could not set the block
rcon setblock 1 -61 27 minecraft:farmland[moisture=7] -> Changed the block at 1, -61, 27
rcon setblock 1 -61 28 minecraft:farmland[moisture=7] -> Could not set the block
rcon setblock 1 -61 29 minecraft:farmland[moisture=7] -> Changed the block at 1, -61, 29
rcon setblock -1 -60 28 minecraft:melon_stem[age=7] -> Could not set the block
rcon setblock 1 -60 28 minecraft:melon_stem[age=7] -> Could not set the block
rcon setblock 0 -60 27 minecraft:melon_stem[age=7] -> Could not set the block
rcon setblock 0 -60 29 minecraft:melon_stem[age=7] -> Could not set the block
rcon setblock -2 -60 28 minecraft:melon -> Could not set the block
rcon setblock 2 -60 28 minecraft:melon -> Could not set the block
rcon setblock 0 -60 26 minecraft:melon -> Could not set the block
rcon setblock 0 -60 30 minecraft:melon -> Could not set the block
rcon setblock -2 -60 26 minecraft:melon -> Could not set the block
rcon setblock -2 -60 30 minecraft:melon -> Could not set the block
rcon setblock 2 -60 26 minecraft:melon -> Could not set the block
rcon setblock 2 -60 30 minecraft:melon -> Could not set the block
LIFE {"arm": "a3", "life": 6, "chains": 0, "distant_collects": 5, "eats": 7, "first_eat": 4278, "satiated": true, "expressed": false, "drops_leg": false, "completions": 216, "false_completions": 136, "food_min": 6, "food_max": 20, "columns": 102, "reach": 11.9}
A3_ARM_COMPLETE
{
 "A2": {
  "expressing": 1,
  "median_first_eat": 3898,
  "drops_leg_lives": 1
 },
 "A2_pass": false,
 "A3": {
  "expressing": 1,
  "median_first_eat": 6423,
  "drops_leg_lives": 0
 },
 "A3_pass": true
}
